STT;Tên đầy đủ;Mã số doanh nghiệp;Sàn niêm yết;Mã chứng khoán
1;CTCP 32;0300517896;UPCOM;A32
2;CTCP Nhựa An Phát Xanh;0800373586;HOSE;AAA
3;CTCP Hợp Nhất;2400379403;UPCOM;AAH
4;CTCP Thủy sản Mekong;1800448811;HOSE;AAM
5;CTCP Lương thực A An;0109510866;Chưa niêm yết và chưa Upcom;AAN
6;CTCP Tập đoàn Tiên Sơn Thanh Hóa;2800222245;HOSE;AAT
7;CÔNG TY CỔ PHẦN AAV GROUP;0800819038;HNX;AAV
8;Ngân hàng TMCP An Bình;0301412222;UPCOM;ABB
9;CTCP Truyền Thông VMG;0101883619;UPCOM;ABC
10;CTCP Bảo hiểm Ngân hàng Nông nghiệp;38GP/KDBH;UPCOM;ABI
11;CTCP Đầu tư Nhãn Hiệu Việt;0312080709;HOSE;ABR
12;CÔNG TY CỔ PHẦN DỊCH VỤ NÔNG NGHIỆP BÌNH THUẬN;3400382278;HOSE;ABS
13;CTCP Xuất nhập khẩu thủy sản Bến Tre;1300376365;HOSE;ABT
14;Ngân hàng TMCP Cổ phần Á Châu;0301452948;HOSE;ACB
15;Công ty Cổ phần Đầu tư và Xây dựng Bình Dương ACC;3700926112;HOSE;ACC
16;Công ty CP Bê tông ly tâm An Giang;1600669108;UPCOM;ACE
17;CTCP Gỗ An Cường;3700748131;HOSE;ACG
18;CTCP XNK Thủy sản Cửu Long An Giang;1600680398;HOSE;ACL
19;CTCP Tập đoàn Khoáng sản Á Cường;0100511368;UPCOM;ACM
20;CTCP Xây lắp Thương mại 2;0300584155;UPCOM;ACS
21;Tổng Công ty Cảng Hàng không Việt Nam - CTCP;0311638525;UPCOM;ACV
22;CTCP Mĩ Thuật và Truyền Thông;0102365521;HNX;ADC
23;CTCP Clever Group (tên cũ CTCP Quảng cáo thông minh);0102850165;HOSE;ADG
24;CTCP Sơn Á Đông;0302066222;HOSE;ADP
25;Công ty Cổ phần Damsan;1000389853;HOSE;ADS
26;CTCP Xuất Nhập khẩu Nông sản Thực phẩm An Giang;1600194461;UPCOM;AFX
27;CTCP 28.1;0304484232;UPCOM;AG1
28;CTCP Xuất nhập khẩu thủy sản An Giang (AGIFISH);1600583588;UPCOM;AGF
29;Công ty cổ phần Đầu tư và Phát triển Bất động sản An Gia;0311500196;HOSE;AGG
30;CTCP Xuất Nhập Khẩu An Giang (Angimex);1600230737;UPCOM;AGM
31;Công Ty Cổ Phần Dược Phẩm Agimexpharm;1600699279;UPCOM;AGP
32;CTCP Thực phẩm Nông sản Xuất khẩu Sài Gòn;0301042973;UPCOM;AGX
33;Tổng Công ty Cổ phần Bảo hiểm DBV;49GP/KDBH;UPCOM;AIC
34;CTCP Nguyên liệu Á Châu AIG;0314524981;UPCOM;AIG
35;CTCP Âu Lạc;0302704796;HNX;ALC
36;CTCP Văn hóa Tân Bình;0301420079;HNX;ALT
37;Công ty cổ phần Tập đoàn MCST;3300529819;UPCOM;ALV
38;Công ty cổ phần Khoáng sản Á Châu;2900859599;HNX;AMC
39;CÔNG TY CỔ PHẦN ALPHANAM E&C;0100520683;HNX;AME
40;CTCP Armephaco;0100109191;UPCOM;AMP
41;Công ty cổ phần Cơ khí Xây dựng Amecc;0200786983;UPCOM;AMS
42;CTCP Sản xuất kinh doanh Dược và Trang thiết bị y tế Việt Mỹ;3800237998;HNX;AMV
43;Công ty Cổ Phần Rau quả thực phẩm An Giang;1600230014;UPCOM;ANT
44;CTCP Nam Việt;1600168736;HOSE;ANV
45;Công Ty Cổ Phần Chiếu xạ An Phú;3700480244;UPCOM;APC
46;Công ty CP Nông sản thực phẩm Quảng Ngãi;4300321643;UPCOM;APF
47;CTCP Tập đoàn An Phát Holdings;0801210129;HOSE;APH
48;CTCP Đầu tư Châu Á - Thái Bình Dương;0102005769;HNX;API
49;CTCP Cơ khí và Thiết bị áp lực - VVMI;0102274810;UPCOM;APL
50;CTCP Phát triển Phụ gia và Sản phẩm dầu mỏ;0101438047;UPCOM;APP
51;CTCP Kinh doanh Thủy hải sản Sài Gòn;0300523755;UPCOM;APT
52;CTCP xuất nhập khẩu Hàng không;0100107934;HNX;ARM
53;Công ty Cổ phần Tập đoàn ASG;0104960269;HOSE;ASG
54;CTCP Tập Đoàn Sao Mai;1600169024;HOSE;ASM
55;CT CP TẬP ĐOÀN DẦU KHÍ AN PHA;0303224471;HOSE;ASP
56;CTCP Dịch vụ Hàng không Taseco;0107007230;HOSE;AST
57;CTCP NTACO;1600513044;UPCOM;ATA
58;Công ty Cổ phần An Trường An;4100577172;UPCOM;ATG
59;CTCP Thương mại và Dịch vụ An Thành;5400235774;Chưa niêm yết và chưa Upcom;ATP
60;Công ty cổ phần Tập đoàn tập đoàn đầu tư ATS;0100830798;HNX;ATS
61;CTCP Thủy điện A Vương;4000478435;UPCOM;AVC
62;Công Ty Cổ Phần Việt An;1600720555;UPCOM;AVF
63;CTCP Phân bón Quốc tế Âu Việt;6300230407;UPCOM;AVG
64;Kiểm thử hệ thống AZZ;02001011115;;AZE
65;Ngân hàng TMCP Bắc Á;2900325526;HNX;BAB
66;Công ty Cổ phần Nông nghiệp BAF Việt Nam;0107795944;HOSE;BAF
67;CTCP Bao bì Bia - Rượu - Nước giải khát;0200159453;UPCOM;BAL
68;CTCP Thống Nhất;3600667859;HNX;BAX
69;Công ty cổ phần bao bì Hoàng Thạch;0800208342;UPCOM;BBH
70;CTCP Bia Hà Nội - Nam Định;0600161270;UPCOM;BBM
71;CTCP Vicem Bao bì Bút Sơn;0600312071;HNX;BBS
72;Công ty Cổ phần Bông Bạch Tuyết;0300715584;UPCOM;BBT
73;CTCP B.C.H;0800286887;UPCOM;BCA
74;Công ty Cổ phần 397;5701435907;UPCOM;BCB
75;CTCP Xi măng Bỉm Sơn;2800232620;HNX;BCC
76;CTCP Xây Dựng & Giao Thông Bình Dương;3700408992;HOSE;BCE
77;CTCP Thực phẩm Bích Chi;1400371184;HNX;BCF
78;CTCP Bamboo Capital;0311315789;HOSE;BCG
79;CTCP Đầu tư xây dựng Bình Chánh;0301881016;Chưa niêm yết và chưa Upcom;BCI
80;Tập đoàn đầu tư và phát triển công nghiệp Becamex - CTCP;3700145020;HOSE;BCM
81;Công ty cổ phần Dược Enlie;3700683163;UPCOM;BCP
82;CTCP BCG Land;0314922132;UPCOM;BCR
83;CTCP Du lịch và thương mại Bằng Giang Cao Bằng - Vimico;4800130044;UPCOM;BCV
84;CTCP May mặc Bình Dương;3700769438;UPCOM;BDG
85;CTCP Xây lắp và Vật liệu xây dựng Đồng Tháp;1400101396;UPCOM;BDT
86;CTCP Cấp thoát nước Bình Định;4100258955;UPCOM;BDW
87;CTCP Sách và thiết bị trường học Đà Nẵng;0400465793;HNX;BED
88;Công Ty Cổ phần Điện tử Biên Hòa;3600254548;UPCOM;BEL
89;CTCP Phân bón Bình Điền;0302975517;HOSE;BFC
90;Công ty cổ phần BCG ENERGY;0314445458;UPCOM;BGE
91;CTCP Nước sạch Bắc Giang;2400126106;UPCOM;BGW
92;CTCP Thủy điện Bắc Hà;5300240587;UPCOM;BHA
93;Công ty cổ phần bê tông Biên Hòa;3600448180;UPCOM;BHC
94;Công ty Cổ phần Chè Biển Hồ;5900188843;UPCOM;BHG
95;Tổng CTCP Bảo hiểm Sài Gòn - Hà Nội;56GP/KDBH;UPCOM;BHI
96;CTCP Bia Hà Nội - Kim Bài;0500293795;UPCOM;BHK
97;Tổng CTCP Bia - Rượu - Nước giải khát Hà Nội;0101376672;HOSE;BHN
98;CTCP Bia Hà Nội - Hải Phòng;0200153370;UPCOM;BHP
99;Tổng CTCP Bảo hiểm Ngân hàng Đầu tư và Phát triển Việt Nam;11GP/KDBH;HOSE;BIC
100;Ngân hàng TMCP Đầu tư và Phát triển Việt nam;0100150619;HOSE;BID
101;Công ty cổ phần Đầu tư Big Group Holdings;0108045831;UPCOM;BIG
102;Công ty Cổ phần Đầu tư và Phát triển công nghiệp Bảo Thư;3400555146;UPCOM;BII
103;CTCP Vắc xin và sinh phẩm Nha Trang;4200451832;UPCOM;BIO
104;CTCP Khoáng sản Bắc Kạn;4700149595;HNX;BKC
105;CTCP Đầu tư BKG Việt Nam;0106935814;HOSE;BKG
106;Công ty Cổ phần Thủy sản Bạc Liêu;1900253340;UPCOM;BLF
107;Tổng CTCP Bảo hiểm Bảo Long (CTCP bảo hiểm Nhà Rồng);0301458065;UPCOM;BLI
108;CTCP Vận tải và Dịch vụ Liên Ninh;0106953041;UPCOM;BLN
109;CTCP Lương thực Bình Định;4100259042;UPCOM;BLT
110;CTCP Khoáng sản Bình Định;4100390008;HOSE;BMC
111;Công ty cổ phần Môi trường và Dịch vụ đô thị Bình Thuận;3400861721;UPCOM;BMD
112;Công ty Cổ phần Vật liệu xây dựng và chất đốt Đồng Nai;3600661303;UPCOM;BMF
113;CTCP May Bình Minh;0301886832;UPCOM;BMG
114;Tổng CTCP Bảo Minh;27GP/KDBH;HOSE;BMI
115;CTCP Khoáng sản Miền Đông AHP;3700927878;UPCOM;BMJ
116;CTCP Kỹ thuật Nhiệt Mèo Đen;3500773109;UPCOM;BMK
117;CTCP Nhựa Bình Minh;0301464823;HOSE;BMP
118;Công ty cổ phần Bột mỳ Vinafood1;0107151097;UPCOM;BMV
119;CTCP Đầu tư Sản xuất Bảo Ngọc;0105950129;HNX;BNA
120;Công ty cổ phần Nước sạch Bắc Ninh;2300108311;UPCOM;BNW
121;Công ty cổ phần BOT Cầu Thái Hà;1001045855;UPCOM;BOT
122;CTCP Vicem Bao bì Bỉm Sơn;2800508928;HNX;BPC
123;Công ty cổ phần Bia Hà Nội - Quảng Bình;3100301045;UPCOM;BQB
124;Công ty cổ phần Nhựa chất lượng cao Bình Thuận;0700823506;UPCOM;BQP
125;Công Ty Cổ Phần Cao su Bến Thành;0301150295;HOSE;BRC
126;Công ty Cổ phần Cao su Bà Rịa;3500103432;UPCOM;BRR
127;CTCP Dịch vụ đô thị Bà Rịa;3500100167;UPCOM;BRS
128;Công ty Cổ phần Thủy điện Buôn Đôn;6000884487;UPCOM;BSA
129;CTCP Bia, Rượu Sài Gòn - Đồng Xuân;2600114002;UPCOM;BSD
130;CTCP Xe khách Sài Gòn;0300478044;UPCOM;BSG
131;Công ty cổ phần Bia Sài Gòn - Hà Nội;0102314051;UPCOM;BSH
132;CTCP Bia Sài Gòn - Sông Lam;2900783332;UPCOM;BSL
133;CTCP Bia Sài Gòn - Phú Thọ;2600393941;UPCOM;BSP
134;CÔNG TY CỔ PHẦN BIA SÀI GÒN - QUẢNG NGÃI;4300338460;UPCOM;BSQ
135;CTCP Lọc hóa dầu Bình Sơn;4300378569;HOSE;BSR
136;Công ty cổ phần Bảo vệ thực vật 1 Trung ương;0100101611;UPCOM;BT1
137;CTCP Beton 6;3700364079;UPCOM;BT6
138;CTCP Bia Hà Nội - Thái Bình;1000317707;UPCOM;BTB
139;Công ty Cổ Phần Bê tông Ly tâm Thủ Đức;0303171325;UPCOM;BTD
140;CTCP Bao bì Tiền Giang;1200568151;UPCOM;BTG
141;CTCP Chế tạo biến thế và Vật liệu điện Hà Nội;0100779340;UPCOM;BTH
142;CTCP Đầu Tư Bitco Bình Định;4100431180;UPCOM;BTN
143;CTCP Nhiệt điện Bà Rịa;3500701305;HOSE;BTP
144;CTCP Xi măng Vicem Bút Sơn;0700117613;HNX;BTS
145;CTCP Thương mại - Dịch vụ Bến Thành;0301164065;HOSE;BTT
146;CTCP Công trình đô thị Bến Tre;1300113091;UPCOM;BTU
147;CTCP Dịch vụ Du lịch Bến Thành;0301171827;UPCOM;BTV
148;Công ty Cổ phần Cấp nước Bến Thành;0304789925;HNX;BTW
149;Ngân hàng TMCP Bản Việt;0301378892;UPCOM;BVB
150;CÔNG TY CỔ PHẦN GROUP BẮC VIỆT;0100979011;UPCOM;BVG
151;Tập đoàn Bảo Việt;0100111761;HOSE;BVH
152;Công ty cổ phần BV Land;0102983609;UPCOM;BVL
153;Công ty cổ phần Bông Việt Nam;0301225328;UPCOM;BVN
154;CTCP Cấp thoát nước và Xây dựng Bảo Lộc;5800563106;UPCOM;BWA
155;Công ty cổ phần nước - môi trường bình dương;3700145694;HOSE;BWE
156;Công ty Cổ phần Cấp nước Bà Rịa - Vũng Tàu;3500101386;UPCOM;BWS
157;CTCP Vicem Bao bì Hải Phòng;0200600741;HNX;BXH
158;Công ty cổ phần cầu 12;0100104651;UPCOM;C12
159;Công ty cổ phần Thế kỷ 21;0300978657;UPCOM;C21
160;CTCP 22;0100512724;UPCOM;C22
161;CÔNG TY CỔ PHẦN ĐẦU TƯ VÀ XÂY DỰNG 3-2;3700146225;HOSE;C32
162;CTCP Xây dựng 47;4100258747;HOSE;C47
163;Công ty cổ phần Tập Đoàn Cienco4;2900324850;UPCOM;C4G
164;Công ty Cổ phần Xây dựng 1369;0800282385;HNX;C69
165;CTCP Xây dựng và Đầu tư 492;2900329305;UPCOM;C92
166;Công Ty CP Chế biến và XNK Thủy sản Cadovimex;2000102580;UPCOM;CAD
167;CTCP Cảng An Giang;1600125108;HNX;CAG
168;CTCP Đồ hộp Hạ Long;0200344752;HNX;CAN
169;Công ty cổ phần lâm nông sản thực phẩm Yên Bái;5200116441;HNX;CAP
170;Công ty cổ phần Tập đoàn Giáo dục Trí Việt;0106182582;HNX;CAR
171;Công ty Cổ phần Thủy sản Cà Mau;2000105020;UPCOM;CAT
172;CTCP Gang thép Cao Bằng;4800162247;UPCOM;CBI
173;Công ty cổ phần Mía đường Cao Bằng;4800104012;UPCOM;CBS
174;Tổng Công ty Xây dựng số 1 - CTCP;0301429113;UPCOM;CC1
175;CTCP Xuất nhập khẩu thủy sản Cần Thơ - Caseamex;1800632306;UPCOM;CCA
176;CTCP Xây dựng CDC;0105283073;UPCOM;CCC
177;CTCP Đầu tư Phát triển Công nghiệp - Thương Mại Củ Chi;0302704764;HOSE;CCI
178;CTCP Đầu tư và phát triển đô thị dầu khí Cửu Long;2200280598;HOSE;CCL
179;CTCP Khoáng sản và Xi măng Cần Thơ;1800553319;UPCOM;CCM
180;CTCP Cảng Cửa Cấm Hải Phòng;0200576055;UPCOM;CCP
181;CTCP Cảng Cam Ranh;4200272350;HNX;CCR
182;CTCP Chíp Sáng;0304392302;UPCOM;CCS
183;CTCP Cảng Cần Thơ;1801319907;UPCOM;CCT
184;CTCP Tư vấn xây dựng công nghiệp và đô thị Việt Nam;0100106183;UPCOM;CCV
185;Công ty Cổ Phần Chương Dương;0303146167;HOSE;CDC
186;Công ty Cổ Phần Cầu Đuống;0100104997;UPCOM;CDG
187;CTCP Cảng Đà Nẵng;0400101972;HNX;CDN
188;CTCP Tư vấn thiết kế và phát triển đô thị;0102963747;UPCOM;CDO
189;Công ty Cổ phần Dược phẩm trung ương Codupha;0300483319;UPCOM;CDP
190;CTCP Xây dựng cao su Đồng Nai;3600986703;UPCOM;CDR
191;CTCP Cencon Việt Nam;0107268056;UPCOM;CEN
192;Công ty cổ phần Tập đoàn C.E.O;0101183550;HNX;CEO
193;Công ty cổ phần HTC Holding;0104230142;HNX;CET
194;CTCP Đầu tư CFM;0107952805;UPCOM;CFM
195;CTCP Cà phê Thắng Lợi;6000182456;UPCOM;CFV
196;CTCP Dược phẩm Cần giờ;0302664945;Chưa niêm yết và chưa Upcom;CGP
197;CTCP Vinaceglass;0301446937;UPCOM;CGV
198;CÔNG TY CỔ PHẦN XÂY DỰNG SỐ 5 HÀ NỘI;0100105493;UPCOM;CH5
199;Công ty cổ phần Cẩm Hà;4000101407;UPCOM;CHC
200;Công ty cổ phần Thủy điện Miền Trung;0400477830;HOSE;CHP
201;Công ty cổ phần Chiếu sáng công cộng TP HCM;0300423479;UPCOM;CHS
202;CTCP đầu tư xây dựng số 5;0302156370;UPCOM;CI5
203;CÔNG TY CỔ PHẦN DỊCH VỤ SÂN BAY QUỐC TẾ CAM RANH;4200810665;HNX;CIA
204;CTCP In và Bao bì Bình Định;4100300251;Chưa niêm yết và chưa Upcom;CIB
205;CTCP Xây dựng và Phát triển cơ sở hạ tầng;0200352802;UPCOM;CID
206;CTCP COMA 18;0500236860;HOSE;CIG
207;CTCP Đầu tư hạ tầng kỹ thuật TPHCM;0302483177;HOSE;CII
208;CTCP Xây lắp và Sản xuất công nghiệp;0101058736;UPCOM;CIP
209;Công ty Cổ phần Cơ điện miền Trung;0400528732;HNX;CJC
210;Công ty CP Cơ khí 120;0102833561;UPCOM;CK8
211;CÔNG TY CỔ PHẦN CƠ KHÍ AN GIANG;1600111049;UPCOM;CKA
212;Công ty Cổ phần Cơ khí Đông Anh Licogi;0100106391;UPCOM;CKD
213;Công ty Cổ phần Tập đoàn Tư vấn Đầu tư Xây dựng Kiên Giang;1700113586;HOSE;CKG
214;CTCP Cokyvina;0100684716;HNX;CKV
215;Công ty cổ phần Cát Lợi;0303185504;HOSE;CLC
216;Công ty Cổ phần Cảng Cát Lái;0305168938;HOSE;CLL
217;CTCP Xuất nhập khẩu Than - Vinacomin;0100100304;HNX;CLM
218;CTCP Cấp nước chợ Lớn;0304797806;HOSE;CLW
219;CTCP XNK và Đầu tư Chợ Lớn;0301307933;UPCOM;CLX
220;CTCP Đầu tư CMC;0100104309;HNX;CMC
221;CTCP Vật Liệu Xây Dựng và Trang Trí Nội Thất Tp. Hồ Chí Minh;0302495140;UPCOM;CMD
222;Cổ Phần Thực phẩm CHOLIMEX;0304475742;UPCOM;CMF
223;CTCP Tập đoàn Công nghệ CMC;0100244112;HOSE;CMG
224;CTCP CMISTONE Việt Nam;0102381001;UPCOM;CMI
225;Công ty cổ phần Cơ khí Mạo Khê - Vinacomin;5700526478;UPCOM;CMK
226;CTCP Camimex;2001122903;UPCOM;CMM
227;CTCP Lương Thực Thực phẩm Colusa - Miliket;0304517551;UPCOM;CMN
228;CTCP Cảng Chân Mây;3300515171;UPCOM;CMP
229;CTCP Tập đoàn CMH Việt Nam;0102307343;HNX;CMS
230;CTCP Công nghệ Mạng và Truyền Thông;0101122893;UPCOM;CMT
231;CTCP Thương nghiệp Cà Mau;2000110221;HOSE;CMV
232;CTCP Cấp nước Cà Mau;2000101918;UPCOM;CMW
233;Công ty CP Camimex Group;2000103908;HOSE;CMX
234;Tổng công ty chè Nghệ An - CTCP;2900326223;UPCOM;CNA
235;CTCP Công nghệ cao Traphaco;0900255402;UPCOM;CNC
236;CTCP CNG Việt Nam;3500800828;HOSE;CNG
237;CTCP Tư vấn công nghệ, thiết bị và kiểm định xây dựng - CONINCO;0100106169;UPCOM;CNN
238;Công ty Cổ Phần Tập Đoàn CNT;0301460120;UPCOM;CNT
239;CTCP Vật tư - Xăng dầu (Comeco);0300450673;HOSE;COM
240;Công ty Cổ phần Cà phê Phước An;6000183273;UPCOM;CPA
241;CTCP Thuốc sát trùng Cần Thơ;1800457478;HNX;CPC
242;CTCP Phục vụ mai táng Hải Phòng;0201093942;UPCOM;CPH
243;CTCP Đầu tư Cảng Cái Lân;5700688013;UPCOM;CPI
244;CTCP Cảng Quảng Ninh;5700100231;UPCOM;CQN
245;CTCP Xi măng Quán Triều - VVMI;4600409377;UPCOM;CQT
246;Công ty cổ phần Create Capital Việt Nam;0105087537;HOSE;CRC
247;Công ty Cổ phần Bất động sản Thế Kỷ;0101160306;HOSE;CRE
248;CTCP Tập đoàn Bất động sản CRV;0102003419;HOSE;CRV
249;CTCP Tập đoàn COTANA;0101482984;HNX;CSC
250;Công Ty Cổ phần Công nghiệp Cao su Miền Nam;0300419930;HOSE;CSM
251;CTCP Than Cao Sơn - TKV;5700101098;HNX;CST
252;Công ty cổ phần Hóa chất cơ bản miền Nam;0301446260;HOSE;CSV
253;CÔNG TY CỔ PHẦN ĐẦU TƯ VÀ XÂY DỰNG CÔNG TRÌNH 3;0300421520;UPCOM;CT3
254;CTCP Công trình 6;0100104901;UPCOM;CT6
255;CTCP Vinavico;0101910492;UPCOM;CTA
256;Công ty cổ phần Chế tạo Bơm Hải Dương;0800287016;HNX;CTB
257;CTCP Xây dựng Coteccons;0303443233;HOSE;CTD
258;Công ty cổ phần TEST;12345678;HOSE;CTES
259;CTCP City Auto;0307979603;HOSE;CTF
260;Ngân hàng TMCP Công thương Việt Nam;0100111948;HOSE;CTG
261;CÔNG TY CỔ PHẦN ĐẦU TƯ PHÁT TRIỂN CƯỜNG THUẬN IDICO;3600459834;HOSE;CTI
262;CTCP Hòa Bình Takara;3200474316;HNX;CTP
263;Tổng CTCP Công trình Viettel;0104753865;HOSE;CTR
264;CTCP Chế tạo máy - Vinacomin;5700495999;HNX;CTT
265;Công ty Cổ phần Cấp thoát nước Cần Thơ;1800155244;UPCOM;CTW
266;Tổng Công ty cổ phần Đầu tư Xây dựng và Thương mại Việt Nam (CTX);0100109441;UPCOM;CTX
267;CTCP Vinam;0102174005;UPCOM;CVN
268;CTCP CMC;2600106523;HOSE;CVT
269;CTCP Đầu tư và xây lắp Constrexim Số 8;0101850677;HNX;CX8
270;CTCP Gạch men Chang Yih;472033000269;UPCOM;CYC
271;Công Ty Cổ Phần Địa Ốc 11;0300540937;HNX;D11
272;Công ty CP Phát triển Đô thị Công nghiệp Số 2;3600259560;HOSE;D2D
273;CTCP 382 Đông Anh (Tên cũ: CTCP Viglacera Đông Anh);0101412313;UPCOM;DAC
274;CTCP Đầu tư và phát triển giáo dục Đà Nẵng;3203001382;HNX;DAD
275;CTCP Sách giáo dục tại TP Đà Nẵng;0400463362;HNX;DAE
276;CTCP Tập đoàn Nhựa Đông Á;0101099228;UPCOM;DAG
277;CTCP Tập đoàn Khách sạn Đông Á;4600349907;HOSE;DAH
278;Công ty Cổ phần Dược Danapha;0400102091;UPCOM;DAN
279;CTCP Máy - Thiết bị dầu khí Đà Nẵng;0400101669;UPCOM;DAS
280;CTCP Đầu tư Du lịch và Phát triển thủy sản;1600895650;HOSE;DAT
281;CTCP Tập đoàn Dabaco Việt Nam;2300105790;HOSE;DBC
282;CTCP Dược - Trang Thiết Bị Y Tế Bình Định;4100259564;HOSE;DBD
283;CTCP Dược - Vật tư y tế Đắk Lắk;6000449389;UPCOM;DBM
284;CTCP Dược phẩm Bến Tre;1300382591;HOSE;DBT
285;CTCP Đầu tư phát triển xây dựng số 1;3500613828;UPCOM;DC1
286;CTCP Đầu tư phát triển xây dựng (DIC) số 2;3500707730;HNX;DC2
287;CTCP Xây dựng DIC Holdings;3500686978;HOSE;DC4
288;CTCP Xây dựng và thiết kế số 1;0301248798;UPCOM;DCF
289;Công ty Cổ Phần Tổng Công ty May Đáp Cầu;2300102398;UPCOM;DCG
290;CTCP Địa chính Hà Nội;0100102446;UPCOM;DCH
291;Công ty cổ phần Dược phẩm Cửu Long;1500202535;HOSE;DCL
292;Công ty Cổ phần Phân bón Dầu khí Cà Mau;2001012298;HOSE;DCM
293;CTCP Gạch men Cosevco;0400347937;UPCOM;DCR
294;Công ty Cổ phần Tập đoàn EDX;0101030402;UPCOM;DCS
295;CTCP Tấm lợp vật liệu xây dựng Đồng Nai;3600475018;UPCOM;DCT
296;CTCP Thương mại và Xây dựng Đông Dương;0101264009;UPCOM;DDB
297;CTCP Đầu Tư Công Nghiệp Xuất Nhập Khẩu Đông Dương;0310103090;HNX;DDG
298;CTCP đảm bảo giao thông đường thủy Hải Phòng;0200149102;UPCOM;DDH
299;CTCP Hàng hải Đông Đô;0100105253;UPCOM;DDM
300;Công ty cổ phần Dược - Thiết bị y tế Đà Nẵng;0400101404;UPCOM;DDN
301;Công ty Cổ phần DAP - Vinachem;0200827051;UPCOM;DDV
302;CTCP Xích Líp Đông Anh;0100100696;UPCOM;DFC
303;CTCP Tập đoàn Đua Fat;0104008162;UPCOM;DFF
304;CTCP Tập đoàn Hóa chất Đức Giang;0101452588;HOSE;DGC
305;CTCP Công trình Giao thông Đồng Nai;3600259916;UPCOM;DGT
306;CTCP Thế giới số;0302861742;HOSE;DGW
307;Công ty cổ phần Hóa An;3600464464;HOSE;DHA
308;CTCP Phân đạm và Hóa chất Hà Bắc;2400120344;UPCOM;DHB
309;Công ty Cổ phần Đông Hải Bến Tre;1300358260;HOSE;DHC
310;Công ty cổ phần Dược Vật tư y tế Hải Dương;0800011018;UPCOM;DHD
311;CTCP Dược Hậu Giang;1800156801;HOSE;DHG
312;Công ty cổ phần thương mại & khai thác khoáng sản Dương Hiếu;4600341471;HOSE;DHM
313;Công ty cổ phần Dược phẩm Hà Nội;0101337659;UPCOM;DHN
314;CÔNG TY CỔ PHẦN ĐIỆN CƠ HẢI PHÒNG;0200580118;HNX;DHP
315;CTCP Dược phẩm Hà Tây;0500391400;HNX;DHT
316;CTCP Đầu tư và thương mại DIC;0302979487;UPCOM;DIC
317;CTCP DIC Đồng Tiến;3600692809;UPCOM;DID
318;Tổng CTCP Đầu tư phát triển xây dựng;3500101107;HOSE;DIG
319;CTCP Đầu tư Phát triển Xây dựng - Hội An;4000391600;HNX;DIH
320;CTCP Chợ Lạng Sơn;4900102530;UPCOM;DKC
321;CTCP Tập đoàn DamiK;0800462363;UPCOM;DKG
322;Công ty Cổ phần Tập Đoàn Alpha Seven;5900437257;HNX;DL1
323;Công ty Cổ phần Du lịch Đắc Lắk;6000177738;UPCOM;DLD
324;CTCP Tập đoàn Đức Long Gia Lai;5900415863;HOSE;DLG
325;CTCP Địa ốc Đà Lạt;5800000142;UPCOM;DLR
326;Công ty CP Du lịch và Thương mại - VINACOMIN;0100101298;UPCOM;DLT
327;Công ty Cổ phần Dệt May 7;0300509782;UPCOM;DM7
328;CTCP Xuất Nhập Khẩu Y tế Domesco;1400460395;HOSE;DMC
329;CTCP Domenal;1400641835;UPCOM;DMN
330;CTCP Hóa phẩm Dầu khí DMC - Miền Nam;3500850392;UPCOM;DMS
331;CTCP Điện nước An Giang;1600249791;UPCOM;DNA
332;CTCP Điện nước lắp máy Hải Phòng;0200155561;HNX;DNC
333;Công Ty Cổ Phần Đầu tư xây dựng và Vật liệu Đồng Nai;3600259352;UPCOM;DND
334;CTCP Môi trường đô thị Đà Nẵng;0400228640;UPCOM;DNE
335;CTCP Thủy điện Đa Nhim - Hàm Thuận - Đa Mi;5800452036;UPCOM;DNH
336;Công ty cổ phần Logistics Cảng Đà Nẵng;0400999731;UPCOM;DNL
337;Tổng CTCP Y tế DANAMECO;0400102101;UPCOM;DNM
338;CTCP Cấp nước Đà Nẵng;0400101066;UPCOM;DNN
339;CÔNG TY CỔ PHẦN DNP HOLDING;3600662561;HNX;DNP
340;CTCP Du lịch Đồng Nai;3600276414;UPCOM;DNT
341;Công ty CP Cấp nước Đồng Nai;3600259296;UPCOM;DNW
342;CTCP Vật tư Nông nghiệp Đồng Nai;3600333736;UPCOM;DOC
343;CTCP Vận tải xăng dầu Đồng Tháp;1400475345;UPCOM;DOP
344;CÔNG TY CỔ PHẦN DƯỢC PHẨM TRUNG ƯƠNG CPC1;0100108536;UPCOM;DP1
345;CTCP Dược phẩm Trung Ương 2;0100109113;UPCOM;DP2
346;CTCP Dược phẩm trung ương 3;0200572501;HNX;DP3
347;CTCP Nhựa Đà Nẵng;0400383300;UPCOM;DPC
348;CTCP Đạt Phương;0101218757;HOSE;DPG
349;Công ty cổ phần dược phẩm Hải Phòng;0200140269;UPCOM;DPH
350;Tổng CTCP Phân bón và Hóa chất Dầu khí;0303165480;HOSE;DPM
351;CTCP Dược Đồng Nai;3600248086;UPCOM;DPP
352;Công ty Cổ phần Cao su Đồng Phú;3800100376;HOSE;DPR
353;CTCP đầu tư phát triển Sóc Sơn;0104890396;UPCOM;DPS
354;Công ty Cổ Phần Tập đoàn Điện Quang;0300363808;HOSE;DQC
355;CTCP Cao su Đà Nẵng;0400101531;HOSE;DRC
356;Công ty Cổ phần Cao su Đắk Lắk;6000175829;UPCOM;DRG
357;CTCP DRH HOLDINGS;0304266964;HOSE;DRH
358;CTCP Đầu tư Cao su Đắk Lắk;6001271719;UPCOM;DRI
359;CTCP Thủy điện - Điện lực 3;0400456277;HOSE;DRL
360;Công ty Cổ phần DS3;5700102567;HNX;DS3
361;Công ty CP DHC Suối Đôi;0401585934;UPCOM;DSD
362;Công ty cổ phần Kính Đáp Cầu;2300100471;UPCOM;DSG
363;CTCP Đầu tư Hạ Tầng Đông Sơn;0104291191;Chưa niêm yết và chưa Upcom;DSH
364;CTCP Công viên nước Đầm Sen;0302844200;HOSE;DSN
365;Công ty Cổ phần Dịch vụ Du lịch Phú Thọ;0301074118;UPCOM;DSP
366;CTCP Đầu tư Sao Thăng Long;0600004422;HNX;DST
367;CTCP Đệ Tam;0303118498;HOSE;DTA
368;CTCP Viglacera Đông Triều;5700486105;HNX;DTC
369;CTCP Đầu tư Phát triển Thành Đạt;0700194008;HNX;DTD
370;CTCP Đầu tư năng lượng Đại Trường Thành Holdings;0313939535;UPCOM;DTE
371;CTCP Dược phẩm Tipharco;1200100557;HNX;DTG
372;CTCP Dược - Vật tư y tế Thanh Hóa;2800231948;UPCOM;DTH
373;CTCP Đầu tư Đức Trung;0301466299;UPCOM;DTI
374;Tổng công ty Điện lực TKV - CTCP;0104297034;HNX;DTK
375;CTCP Đại Thiên Lộc;3700381282;HOSE;DTL
376;CTCP Dược phẩm CPC1 Hà Nội;0104089394;UPCOM;DTP
377;CÔNG TY CỔ PHẦN KỸ NGHỆ ĐÔ THÀNH;0303310875;HOSE;DTT
378;CTCP Dịch vụ Đô thị Đà Lạt;5800075878;UPCOM;DUS
379;CTCP Thương mại Dịch vụ Tổng hợp Cảng Hải Phòng;0200408318;UPCOM;DVC
380;CTCP Đại Việt Group DVG;0500478210;UPCOM;DVG
381;CTCP Dược liệu Việt Nam;0105196582;HNX;DVM
382;Tổng công ty Dược Việt Nam - CTCP;0100109385;UPCOM;DVN
383;CTCP Đầu tư và Phát triển Cảng Đình Vũ;0200511481;HOSE;DVP
384;CTCP Dịch vụ và xây dựng cấp nước Đồng Nai;3600978879;UPCOM;DVW
385;CTCP Cấp nước Đắk Lắk;6000175995;UPCOM;DWC
386;CTCP Cấp nước và Môi trường đô thị Đồng Tháp;1400101205;UPCOM;DWS
387;Công ty Cổ phần Tập đoàn Đất Xanh;0303104343;HOSE;DXG
388;CTCP Du lịch và Xuất nhập khẩu Lạng Sơn;4900101456;UPCOM;DXL
389;CTCP Cảng Đoạn Xá;0200443827;HNX;DXP
390;CTCP Dịch vụ Bất động sản Đất Xanh;3602545493;HOSE;DXS
391;CTCP Vicem Vật liệu xây dựng Đà Nẵng;0400101820;HOSE;DXV
392;CTCP Cơ điện Dzĩ An;3700363445;UPCOM;DZM
393;CTCP Xây dựng điện VNECO 12;3100320136;UPCOM;E12
394;Công ty cổ phần Đầu tư Xây dựng và Kỹ thuật 29;0105879162;UPCOM;E29
395;CTCP Sách Giáo dục tại TP. Hà Nội;0101493714;HNX;EBS
396;Công ty Cổ phần Tập đoàn ECI;0102137109;HNX;ECI
397;Công ty cổ phần Nhựa sinh thái Việt Nam;0106798702;UPCOM;ECO
398;CÔNG TY CỔ PHẦN TẬP ĐOÀN ĐẦU TƯ EDX;0101540932;Chưa niêm yết và chưa Upcom;EDX
399;CTCP Đầu tư tài chính giáo dục;0102556300;UPCOM;EFI
400;Ngân hàng Thương mại Cổ phần Xuất Nhập khẩu Việt Nam;0301179079;HOSE;EIB
401;Công ty cổ phần EVN Quốc tế;0102379203;UPCOM;EIC
402;Công ty Cổ phần Đầu tư và Phát triển giáo dục Hà Nội;0102222393;HNX;EID
403;CTCP Đầu tư - Thương Mại - Dịch Vụ Điện Lực (PIST);0305128163;UPCOM;EIN
404;Công ty Cổ phần công nghệ - viễn thông ELCOM;0101435127;HOSE;ELC
405;CTCP Điện cơ;0301900678;UPCOM;EME
406;CTCP Thiết bị phụ tùng cơ điện;0100103584;UPCOM;EMG
407;Tổng công ty Chuyển phát nhanh Bưu điện - Công ty cổ phần;0101826868;UPCOM;EMS
408;CTCP Cà phê EA PỐK;6000183114;UPCOM;EPC
409;CTCP Everpia;0101402121;HOSE;EVE
410;Công ty Tài chính Tổng hợp Cổ phần Điện lực;0102806367;HOSE;EVF
411;Công ty cổ phần Tập đoàn Everland;0104228175;HOSE;EVG
412;CÔNG TY CỔ PHẦN ĐẦU TƯ F88;2600948135;UPCOM;F88
413;CTCP Tập đoàn Quốc tế FBA;0101400597;UPCOM;FBA
414;CTCP Cơ khí Phổ Yên;4600355393;UPCOM;FBC
415;CTCP Liên hợp thực phẩm;0500238265;UPCOM;FCC
416;CTCP Khoáng sản Fecon;0700252549;HOSE;FCM
417;Công ty cổ phần FECON;0101502599;HOSE;FCN
418;Công ty cổ phần Lương thực Thành phố Hồ Chí Minh;0300559014;UPCOM;FCS
419;CTCP Ngoại Thương và Phát triển Đầu tư TP.HCM;0300590663;HOSE;FDC
420;CTCP Cà phê Gia Lai;5900189678;UPCOM;FGL
421;CTCP Xuất nhập khẩu Lương thực - Thực phẩm Hà Nội;0101118079;UPCOM;FHN
422;CTCP Phát hành sách Tp. Hồ Chí Minh - FAHASA;0304132047;UPCOM;FHS
423;Tổng Công ty Vật liệu Xây dựng Số 1 - CTCP;0300402493;UPCOM;FIC
424;CTCP Đầu tư và Phát triển doanh nghiệp Việt Nam;0104782792;HNX;FID
425;CTCP địa ốc First Real;0401623121;HOSE;FIR
426;Công ty Cổ phần Tập đoàn F.I.T;0102182140;HOSE;FIT
427;CÔNG TY CỔ PHẦN THỰC PHẨM SAO TA;2200208753;HOSE;FMC
428;CTCP Dịch vụ trực tuyến FPT;0305045911;UPCOM;FOC
429;CTCP Viễn thông FPT;0101778163;UPCOM;FOX
430;CTCP Full Power;3700330471;Chưa niêm yết và chưa Upcom;FPC
431;Công ty Cổ phần FPT;0101248141;HOSE;FPT
432;CTCP Lâm đặc sản xuất khẩu Quảng Nam;4000101608;UPCOM;FRC
433;Công ty Cổ phần Lâm nghiệp Sài Gòn;0300695842;UPCOM;FRM
434;CTCP Bán lẻ kỹ thuật số FPT;0311609355;HOSE;FRT
435;CTCP Cơ khí đóng tàu Thủy sản Việt Nam;0200140967;UPCOM;FSO
436;CTCP Phụ tùng máy số 1;4600358468;UPCOM;FT1
437;CTCP Công nghiệp - Thương mại Hữu Nghị;0300743380;UPCOM;FTI
438;CTCP Đầu tư và Phát triển Đức Quân;1000400095;UPCOM;FTM
439;CTCP Đầu tư Dệt may Vĩnh Phúc;2500395568;UPCOM;G20
440;Tổng công ty 36 - CTCP;0105454762;UPCOM;G36
441;Tổng công ty Khí Việt Nam - CTCP;3500102710;HOSE;GAS
442;CTCP Petec Bình Định;4100406219;UPCOM;GCB
443;CTCP Thực phẩm G.C;3602503768;UPCOM;GCF
444;CTCP Tôn Đông Á;3700255880;UPCOM;GDA
445;CTCP chế biến gỗ Đức Thành;0301449014;HOSE;GDT
446;CTCP Cấp Nước Gia Định;0304806225;HNX;GDW
447;CÔNG TY CỔ PHẦN ĐIỆN LỰC GELEX;0107547109;HOSE;GEE
448;CTCP Điện Gia Lai;5900181213;HOSE;GEG
449;Công ty cổ phần thể thao Ngôi sao Geru;0301634641;UPCOM;GER
450;Công ty Cổ phần Tập đoàn GELEX;0100100512;HOSE;GEX
451;CTCP ô tô Giải Phóng;5100165283;UPCOM;GGG
452;Công ty Cổ phần Công trình giao thông Hà Nội;0100105292;UPCOM;GH3
453;CTCP Thủy điện Gia Lai;5900288566;UPCOM;GHC
454;CTCP Đầu tư dịch vụ và phát triển xanh;0201768923;HNX;GIC
455;CÔNG TY CỔ PHẦN SẢN XUẤT KINH DOANH XUẤT NHẬP KHẨU BÌNH THẠNH;0302181666;HOSE;GIL
456;CTCP GKM HOLDINGS;0700510750;HNX;GKM
457;CTCP Vàng Lào Cai;5300238161;UPCOM;GLC
458;CTCP Kỹ Thuật Điện Toàn Cầu;0301446863;HNX;GLT
459;CTCP cấp thoát nước Gia Lai;5900189614;UPCOM;GLW
460;CTCP G-AUTOMOBILE;0105558271;HNX;GMA
461;CTCP GARMEX SÀI GÒN;0300742387;HOSE;GMC
462;CTCP Gemadept;0301116791;HOSE;GMD
463;CÔNG TY CỔ PHẦN MINH HƯNG QUẢNG TRỊ;3200040982;HOSE;GMH
464;CTCP Gạch ngói gốm xây dựng Mỹ Xuân;3500640966;HNX;GMX
465;CTCP Gạch Ngói Đồng Nai;0300397028;UPCOM;GND
466;CTCP Tập đoàn GREEN+;1301009978;UPCOM;GPC
467;CTCP Thủy điện Hương Sơn;3000333195;UPCOM;GSM
468;Công ty Cổ phần Vận tải Sản phẩm khí Quốc tế;0305390530;HOSE;GSP
469;CTCP Chế biến gỗ Thuận An;3700403867;HOSE;GTA
470;CTCP Giầy Thượng Đình;0100100939;UPCOM;GTD
471;CTCP Công trình giao thông Sài Gòn;0300460907;UPCOM;GTS
472;CTCP Thuận Thảo;4400123162;UPCOM;GTT
473;Tập đoàn Công nghiệp Cao su Việt Nam - CTCP;0301266564;HOSE;GVR
474;CTCP Giấy Việt Trì;2600107284;UPCOM;GVT
475;CTCP Xây dựng HUD101;0102243403;UPCOM;H11
476;CTCP Bia Hà Nội - Hải Dương;0800283766;HNX;HAD
477;CTCP Thực phẩm Hà Nội;0100106803;UPCOM;HAF
478;CTCP Hoàng Anh Gia Lai;5900377720;HOSE;HAG
479;CTCP Vận tải và Xếp dỡ Hải An;0103818809;HOSE;HAH
480;CTCP Nông Dược HAI;0301242080;UPCOM;HAI
481;Công Ty Cổ Phần Vật tư Hậu Giang;1800506679;UPCOM;HAM
482;Tổng công ty xây dựng Hà Nội - CTCP;0100106338;UPCOM;HAN
483;Công ty Cổ phần Tập đoàn HAPACO;0200371361;HOSE;HAP
484;CTCP Đầu tư Thương mại Bất động sản An Dương Thảo Điền;0305087904;HOSE;HAR
485;CTCP HACISCO;0101116096;HOSE;HAS
486;CTCP Thương mại Bia Hà Nội;0102111943;HNX;HAT
487;CTCP Rượu Hapro;0102164984;UPCOM;HAV
488;CTCP Dịch vụ Ô tô Hàng Xanh;0302000126;HOSE;HAX
489;CÔNG TY CỔ PHẦN TẬP ĐOÀN XÂY DỰNG HÒA BÌNH;0302158498;UPCOM;HBC
490;CTCP Bao bì PP Bình Dương;3700431078;UPCOM;HBD
491;CTCP Habeco Hải Phòng;0200761964;UPCOM;HBH
492;CTCP Xây dựng số 1 Hà Nội;0100105782;UPCOM;HC1
493;CTCP Xây dựng số 3 Hải Phòng;0200509429;UPCOM;HC3
494;Công ty cổ phần Bê tông Hòa Cầm - Intimex;4000362102;HNX;HCC
495;CTCP Đầu tư Sản xuất và thương mại HCD;0800940115;HOSE;HCD
496;CTCP Đầu tư - Xây dựng Hà Nội;0100105045;UPCOM;HCI
497;CTCP Thương mại Dịch vụ Vận tải xi măng Hải Phòng;0200577563;HNX;HCT
498;CTCP Đầu tư phát triển nhà HUD2;0101043105;UPCOM;HD2
499;CTCP Đầu tư và Phát triển Nhà số 6 Hà Nội;0100383878;UPCOM;HD6
500;Công ty cổ phần Đầu tư phát triển nhà và đô thị HUD8;0102333784;UPCOM;HD8
501;CTCP Hãng Sơn Đông Á;0102073938;HNX;HDA
502;Ngân hàng TMCP Phát triển Tp. Hồ Chí Minh (HDBank);0300608092;HOSE;HDB
503;CTCP Phát triển nhà Bà Rịa - Vũng Tàu;3500444601;HOSE;HDC
504;CTCP Tâp đoàn Hà Đô;0100283802;HOSE;HDG
505;CÔNG TY CỔ PHẦN DỆT MAY HUẾ;3300100628;UPCOM;HDM
506;CTCP Dược Hà Tĩnh;3000104879;UPCOM;HDP
507;CTCP Kinh doanh nước sạch Hải Dương;0800001348;UPCOM;HDW
508;CTCP Tư vấn xây dựng thủy lợi II;0300566614;UPCOM;HEC
509;Tổng công ty Tư vấn Xây dựng Thủy lợi Việt Nam - CTCP;0100103175;UPCOM;HEJ
510;CTCP Môi trường và Công trình đô thị Huế;3300101082;UPCOM;HEP
511;CTCP Dịch vụ Giải trí Hà Nội;0100844825;UPCOM;HES
512;CTCP Sách Đại học - Dạy nghề;0101517669;HNX;HEV
513;CÔNG TY CỔ PHẦN CÔNG TRÌNH CẦU PHÀ TPHCM;0301986393;UPCOM;HFB
514;CTCP Xăng dầu chất đốt Hà Nội (CTCP Xăng Dầu HFC);0100108159;UPCOM;HFC
515;CTCP Sản xuất - XNK Thanh Hà;0100101876;UPCOM;HFX
516;CTCP Cơ khí và Khoáng sản Hà Giang;5100101762;HNX;HGM
517;CTCP Du lịch Hương Giang;3300101124;UPCOM;HGT
518;Công ty Cổ phần Bia Hà Nội - Hồng Hà;2600170014;UPCOM;HHB
519;Công ty CP Bánh kẹo Hải Hà;0101444379;HNX;HHC
520;CTCP Hoàng Hà;1000272301;UPCOM;HHG
521;CTCP Vận tải và Dịch vụ Hàng hóa Hà Nội;0100105729;UPCOM;HHN
522;Công ty cổ phần HHP GLOBAL;0201282851;HOSE;HHP
523;CTCP Đầu tư Dịch vụ Hoàng Huy;0200815578;HOSE;HHS
524;CÔNG TY CỔ PHẦN ĐẦU TƯ HẠ TẦNG GIAO THÔNG ĐÈO CẢ;0400101965;HOSE;HHV
525;CÔNG TY CỔ PHẦN HALCOM VIỆT NAM;0101143879;HOSE;HID
526;CTCP AN TIẾN INDUSTRIES;5200466372;HOSE;HII
527;CTCP Helio Energy;0109204756;UPCOM;HIO
528;Công Ty Cổ Phần Hòa Việt;3600262193;UPCOM;HJC
529;CTCP Thủy điện Nậm Mu;5100174626;HNX;HJS
530;Công ty CP Nông nghiệp và thực phẩm Hà Nội - Kinh Bắc;0104246382;UPCOM;HKB
531;Công ty cổ phần Đầu tư QP Xanh;5400257584;HNX;HKT
532;CÔNG TY CỔ PHẦN HỮU LIÊN Á CHÂU;0302290400;UPCOM;HLA
533;CÔNG TY CỔ PHẦN BIA VÀ NƯỚC GIẢI KHÁT HẠ LONG;5700433939;UPCOM;HLB
534;CTCP Than Hà Lầm - Vinacomin;5700101637;HNX;HLC
535;CTCP Đầu tư và Phát triển Bất động sản HUDLAND;0102340326;HNX;HLD
536;CTCP Công nghệ Ha Lô;3702308640;UPCOM;HLO
537;Công ty cổ phần Sứ kỹ thuật Hoàng Liên Sơn;5200216710;UPCOM;HLS
538;Công ty cổ phần Dệt may Hoàng Thị Loan;2900324811;UPCOM;HLT
539;Công ty cổ phần Gốm xây dựng Yên Hưng;5700475745;UPCOM;HLY
540;CTCP Kim khí TPHCM - VNSTEEL;0300399360;HOSE;HMC
541;CTCP Hóa chất Minh Đức;0200348588;UPCOM;HMD
542;Công ty cổ phần Kim Khí Hà Nội-Vnsteel;0100100368;UPCOM;HMG
543;CTCP Hải Minh;0302525162;HNX;HMH
544;Công ty cổ phần Đá Hoàng Mai;2901437166;HNX;HMR
545;CTCP Xây dựng Bảo tàng Hồ Chí Minh;0100105077;UPCOM;HMS
546;CÔNG TY CỔ PHẦN THỦY ĐIỆN HỦA NA;2900797430;HOSE;HNA
547;CTCP Bến xe Hà Nội;0100105528;UPCOM;HNB
548;CTCP Nhiệt điện Hải Phòng;0200493225;UPCOM;HND
549;CTCP Thực phẩm Hữu Nghị;0102109239;UPCOM;HNF
550;CTCP Nông nghiệp Quốc tế Hoàng Anh Gia Lai;5900712753;HOSE;HNG
551;CTCP May Hữu Nghị;0302641539;UPCOM;HNI
552;CTCP Sữa Hà Nội;0101218588;UPCOM;HNM
553;công ty cổ phần Hanel xốp nhựa;0100738312;UPCOM;HNP
554;CTCP Rượu và Nước Giải Khát Hà Nội;0100102245;UPCOM;HNR
555;CTCP Xi măng Vicem Hoàng Mai;2900329295;HNX;HOM
556;CTCP Du lịch - Dịch vụ Hội An;4000102418;UPCOM;HOT
557;Công ty cổ phần Phát triển Nông nghiệp Hòa Phát;0900986272;HOSE;HPA
558;CTCP Bao bì PP;0200545032;UPCOM;HPB
559;Công ty CP thủy điện Đăk Đoa;5900419811;UPCOM;HPD
560;CTCP Tập đoàn Hòa Phát;0900189284;HOSE;HPG
561;CTCP Hóa chất Hưng Phát Hà Bắc;2400395807;UPCOM;HPH
562;CÔNG TY CỔ PHẦN KHU CÔNG NGHIỆP HIỆP PHƯỚC;0305046979;UPCOM;HPI
563;CTCP Xây dựng thương mại và khoáng sản Hoàng Phúc;4900270327;UPCOM;HPM
564;Công ty cổ phần Công nghiệp HAPULICO;0100382419;UPCOM;HPO
565;CTCP Sơn Hải Phòng;0200575580;UPCOM;HPP
566;CTCP Dịch vụ Công nghệ tin học HPT;0301447426;UPCOM;HPT
567;CTCP Cấp nước Hải Phòng;0200171274;UPCOM;HPW
568;CTCP Đầu tư Hải Phát;0500447004;HOSE;HPX
569;CTCP TV-TM-DV Địa ốc Hoàng Quân;0302087938;HOSE;HQC
570;CTCP Harec Đầu tư và Thương mại;0102116074;UPCOM;HRB
571;CTCP Cao su Hòa Bình;3500657173;HOSE;HRC
572;Công ty cổ phần Hestia;0106459724;UPCOM;HSA
573;CTCP Tập đoàn Hoa Sen;3700381324;HOSE;HSG
574;CTCP Vật tư Tổng hợp và phân bón Hóa Sinh;0303951558;UPCOM;HSI
575;Công ty cổ phần Chế biến Nông sản Hồng Hà Sơn La;5500512492;HOSE;HSL
576;Tổng Công ty Cổ Phần Dệt May Hà Nội;0100100826;UPCOM;HSM
577;CTCP Sơn tổng hợp Hà Nội;0100103619;UPCOM;HSP
578;CTCP Tập đoàn HSV Việt Nam;0106358846;UPCOM;HSV
579;CTCP Xi măng VICEM Hà Tiên;0301446422;HOSE;HT1
580;CTCP Thương mại Hóc Môn;0302481483;HNX;HTC
581;CTCP Đầu tư Kinh doanh Điện lực TP HCM;0305173790;UPCOM;HTE
582;Tổng CTCP Dệt may Hòa Thọ;0400101556;HOSE;HTG
583;CTCP Đầu tư phát triển hạ tầng IDICO;0302095576;HOSE;HTI
584;CÔNG TY CỔ PHẦN KỸ THUẬT VÀ Ô TÔ TRƯỜNG LONG;0301384695;HOSE;HTL
585;Tổng công ty thương mại Hà Nội - Công ty cổ phần;0100101273;UPCOM;HTM
586;CTCP Hưng Thịnh Incons;0305371707;HOSE;HTN
587;Công ty cổ phần in sách giáo khoa Hòa Phát;0400459486;UPCOM;HTP
588;CTCP Thương mại Hà Tây;0500443384;UPCOM;HTT
589;CÔNG TY CỔ PHẦN LOGISTICS VICEM;0301975289;HOSE;HTV
590;CTCP Đầu tư và Xây dựng HUD1;0101043264;HOSE;HU1
591;CTCP Đầu tư và Xây dựng HUD3;0500227640;UPCOM;HU3
592;CTCP Đầu tư và xây dựng HUD4;2800576533;UPCOM;HU4
593;CTCP Đầu tư phát triển nhà và đô thị HUD6;0102144120;UPCOM;HU6
594;CTCP Xây lắp Thừa Thiên Huế;3300101156;HOSE;HUB
595;Tổng Công ty May Hưng Yên - CTCP;0900108038;UPCOM;HUG
596;CTCP Tasco;0600264117;HNX;HUT
597;CTCP Đầu tư HVA;0104659943;UPCOM;HVA
598;CTCP Đầu tư và công nghệ HVC;0104606490;HOSE;HVH
599;Tổng công ty Hàng không Việt Nam - CTCP;0100107518;HOSE;HVN
600;CTCP Hóa chất Việt Trì;2600108217;HNX;HVT
601;CTCP xi măng VICEM Hải Vân;0400101235;HOSE;HVX
602;CTCP Cấp nước Thừa Thiên Huế (Huewaco);3300101491;UPCOM;HWS
603;CTCP In tổng hợp Bình Dương;3702606911;UPCOM;IBD
604;CTCP Xây dựng Công nghiệp;0100105599;UPCOM;ICC
605;CTCP Đầu tư Thương Mại Thủy Sản;0301805696;UPCOM;ICF
606;CTCP Xây dựng Sông Hồng;0100107042;HNX;ICG
607;CTCP Đầu tư và xây dựng công nghiệp;0101482060;UPCOM;ICI
608;CTCP Xuất nhập khẩu Vĩnh Long;1500171478;Chưa niêm yết và chưa Upcom;ICL
609;CTCP Đầu tư Xây dựng Dầu khí IDICO;3500101298;UPCOM;ICN
610;Công ty cổ phần Viễn thông - Tin học Bưu điện;0100683374;HOSE;ICT
611;Tổng công ty IDICO - CTCP;0302177966;HNX;IDC
612;CTCP Đầu tư và Phát triển Đa quốc gia I.D.I;0303141296;HOSE;IDI
613;Công ty CP Đầu tư IDJ Việt Nam;0102186593;HNX;IDJ
614;CTCP Sữa Quốc tế Lof;0500463609;UPCOM;IDP
615;CTCP Phát triển Hạ Tầng Vĩnh Phúc;2500222004;HNX;IDV
616;Công Ty Cổ Phần Thực phẩm Quốc tế;3600245631;UPCOM;IFS
617;CTCP In Hàng không;0100108014;UPCOM;IHK
618;CTCP Phát triển hạ tầng kỹ thuật;3700805566;HOSE;IJC
619;Công ty Cổ phần ILA;0312933227;UPCOM;ILA
620;CTCP ICD Tân cảng - Long Bình;3601033213;HOSE;ILB
621;CTCP Hợp tác lao động với nước ngoài;0200344784;UPCOM;ILC
622;CTCP Đầu tư thương mại và Dịch vụ Quốc tế;0100110052;UPCOM;ILS
623;CTCP Cơ khí và Xây lắp công nghiệp;0300628797;UPCOM;IME
624;Công ty CP Dược phẩm Imexpharm;1400384433;HOSE;IMP
625;CÔNG TY CỔ PHẦN IN SỐ 4;0300462580;UPCOM;IN4
626;CTCP Tư vấn đầu tư IDICO;0304843611;HNX;INC
627;CTCP Bao bì và In nông nghiệp;0101508664;HNX;INN
628;CTCP Tập đoàn Đầu tư IPA;0100779693;HNX;IPA
629;Công ty Cổ phần Cao su công nghiệp;3600259017;UPCOM;IRC
630;CTCP Vận tải biển và hợp tác lao động quốc tế (Inlaco Saigon);0300442760;UPCOM;ISG
631;CTCP Thủy điện Srok Phu Miêng IDICO;3800407449;UPCOM;ISH
632;CTCP ICD Tân cảng Sóng Thần;3700785006;UPCOM;IST
633;CTCP Đầu tư và Công nghiệp Tân Tạo;0302670307;UPCOM;ITA
634;CTCP Đầu tư - Kinh doanh Nhà;0302199864;HOSE;ITC
635;CTCP Công nghệ Tiên Phong;0301596604;HOSE;ITD
636;CTCP Tập đoàn Thiên Quang;0900233261;HNX;ITQ
637;Công ty Cổ phần Đầu tư, thương mại và dịch Vụ - VINACOMIN;0200170658;UPCOM;ITS
638;Công ty Cổ phần Chế biến thủy sản xuất khẩu Minh Hải;2000104034;UPCOM;JOS
639;CTCP Đầu tư và Phát triển Y tế Việt Nhật;0101178800;HOSE;JVC
640;Tổng Công ty Phát triển Đô thị Kinh Bắc - CTCP;2300233993;HOSE;KBC
641;CTCP Khoáng sản và Luyện kim Cao Bằng;4800129232;UPCOM;KCB
642;CTCP TẬP ĐOÀN KIDO;0302705302;HOSE;KDC
643;CTCP Thực phẩm Đông lạnh KIDO;0302901882;UPCOM;KDF
644;CTCP Đầu tư và Kinh doanh Nhà Khang Điền;0302588596;HOSE;KDH
645;Công ty Cổ phần Tập đoàn GCL;0700324666;HNX;KDM
646;CTCP Xuất nhập khẩu Kiên Giang;1700100989;UPCOM;KGM
647;CTCP Khai thác, chế biến khoáng sản Hải Dương;0800282498;UPCOM;KHD
648;CTCP Bất động sản Khải Hoàn Land;0309139261;HOSE;KHG
649;CTCP Khoáng sản và Vật liệu Xây dựng Hưng Long;5700378910;UPCOM;KHL
650;CTCP Điện lực Khánh Hòa;4200601069;HOSE;KHP
651;CTCP Kiên Hùng;1700339752;HNX;KHS
652;CTCP Cấp thoát nước Khánh Hòa;4200238007;UPCOM;KHW
653;Công ty cổ phần Phát hành sách Khánh Hòa;4200535578;UPCOM;KHX
654;CTCP K.I.P Việt Nam;0500447942;UPCOM;KIP
655;Công ty Cổ phần Tập đoàn Thành Thái;0200412681;HNX;KKC
656;Ngân hàng TMCP Kiên Long;1700197787;UPCOM;KLB
657;Công ty Cổ phần Đầu tư Thương mại và Xuất nhập khẩu CFS;0104168889;UPCOM;KLF
658;CTCP Mirae;3700393217;HOSE;KMR
659;CTCP Kim khí miền Trung;0400101605;HNX;KMT
660;CTCP Kosy;0102681319;HOSE;KOS
661;CÔNG TY CỔ PHẦN ĐẦU TƯ TÀI SẢN KOJI;0103930374;HOSE;KPF
662;Công Ty CP Khoáng sản và Xây dựng Bình Dương;3700148825;HOSE;KSB
663;Công ty Cổ phần đầu tư DNA;0700212810;HNX;KSD
664;Công ty cổ phần Tập đoàn Sunshine (Công ty Cổ phần Tập đoàn Real Tech;0106771556;HNX;KSF
665;CTCP CNC Capital Việt Nam;0101971512;HNX;KSQ
666;CTCP Khoáng sản Na Rì Hamico;4700144572;UPCOM;KSS
667;CTCP KASATI;0302826473;HNX;KST
668;Tổng công ty khoáng sản TKV - CTCP;0100103087;HNX;KSV
669;CTCP Thương mại Kiên Giang;1700523208;UPCOM;KTC
670;CTCP Kim khí Thăng Long;0100100618;UPCOM;KTL
671;Công ty cổ phần Đường Kon Tum;6100228104;HNX;KTS
672;CTCP Tập đoàn đầu tư KTT;0600324084;UPCOM;KTT
673;CTCP Sản xuất XNK Inox Kim Vĩ;0302124121;UPCOM;KVC
674;Công ty cổ phần Lilama 10;5400101273;HOSE;L10
675;Công ty cổ phần LICOGI 12;0100106433;UPCOM;L12
676;CTCP LICOGI 14;2600106234;HNX;L14
677;CTCP Đầu tư và Xây dựng số 18 (LICOGI 18);0800001612;HNX;L18
678;CTCP Cơ khí lắp máy Lilama;2700224390;UPCOM;L35
679;Công ty Cổ phần Đầu tư và Xây dựng 40;1800421390;HNX;L40
680;Công ty Cổ phần Lilama 45.3;4400135344;UPCOM;L43
681;CTCP Lilama 45.4;3600255703;UPCOM;L44
682;CTCP Lilama 45.1;0301443037;UPCOM;L45
683;CTCP Lilama 69-1;2300102253;UPCOM;L61
684;CTCP Lilama 69-2;0200155547;UPCOM;L62
685;CTCP Lilama 69-3;0800001972;UPCOM;L63
686;CTCP Chế biến hàng xuất khẩu Long An;1100107301;HOSE;LAF
687;CTCP Đầu tư xây dựng Long An IDICO;1100503295;UPCOM;LAI
688;CTCP Supe Phốt phát và Hóa chất Lâm Thao;2600108471;HNX;LAS
689;CTCP Cấp thoát nước Long An;1100101500;UPCOM;LAW
690;CTCP Thương mại và Dịch vụ LVA;1100105921;HNX;LBE
691;CTY CỔ PHẦN KHOÁNG SẢN VÀ VẬT LIỆU XÂY DỰNG LÂM ĐỒNG;5800391633;HOSE;LBM
692;CTCP Xi măng Lạng Sơn (CTCP Xi măng Hồng Phong);4900102650;UPCOM;LCC
693;CTCP Lắp máy thí nghiệm cơ điện;0100106458;HNX;LCD
694;Công ty Cổ phần Lizen;0302310209;HOSE;LCG
695;CTCP Khai thác và Chế biến Khoáng sản Lào Cai;5300208618;UPCOM;LCM
696;CTCP Đầu tư LDG;3602368420;HOSE;LDG
697;Công Ty Cổ Phần Dược Lâm Đồng (Ladophar);5800000047;HNX;LDP
698;CTCP Cấp thoát nước Lâm Đồng;5800000174;UPCOM;LDW
699;CTCP Bất động sản Điện lực miền Trung;0400592801;HOSE;LEC
700;CTCP Cơ giới và Xây lắp số 9;0301442322;UPCOM;LG9
701;Công ty CP Đầu tư Cầu đường CII;0300482241;HOSE;LGC
702;CTCP Đầu tư và Phát triển đô thị Long Giang;0101184201;HOSE;LGL
703;CTCP Đầu tư và Xây dựng Thủy lợi Lâm Đồng;5800000424;HNX;LHC
704;CTCP Long Hậu;1100727545;HOSE;LHG
705;Tổng Công ty LICOGI-CTCP;0100106440;UPCOM;LIC
706;CTCP LICOGI 13;0100106426;HNX;LIG
707;CTCP Bột giặt LIX;0301444263;HOSE;LIX
708;Công ty cổ phần Cấp nước Long Khánh;3600979223;UPCOM;LKW
709;Tổng công ty lắp máy Việt Nam - CTCP;0100106313;UPCOM;LLM
710;CTCP Lilama 3;2600104526;UPCOM;LM3
711;Công ty cổ phần Lilama7;0400100986;UPCOM;LM7
712;CTCP Lilama 18;0300390921;HOSE;LM8
713;CÔNG TY CỔ PHẦN LONG BEACH LMC;0105897161;UPCOM;LMC
714;CTCP Quốc tế Holding;0311803955;UPCOM;LMH
715;CTCP Đầu tư xây dựng lắp máy IDICO;3600975839;UPCOM;LMI
716;CÔNG TY CỔ PHẦN LỆ NINH;3100114609;UPCOM;LNC
717;CTCP Lilama 5;2800233448;UPCOM;LO5
718;Ngân hàng TMCP Lộc Phát Việt Nam;6300048638;HOSE;LPB
719;CTCP Thương mại và Sản xuất Lập Phương Thành;0800258431;UPCOM;LPT
720;Công ty Cổ phần Licogi Quảng Ngãi;4300208207;UPCOM;LQN
721;CTCP Bất Động Sản Sài Gòn Vi Na (Land Sai Gon);0305316946;UPCOM;LSG
722;CTCP Mía đường Lam Sơn;2800463346;HOSE;LSS
723;CTCP Điện nhẹ Viễn Thông;0101135243;UPCOM;LTC
724;CT CP Tập đoàn Lộc Trời;1600192619;UPCOM;LTG
725;CTCP Đầu tư Xây dựng Lương Tài;0302879813;UPCOM;LUT
726;Tổng công ty May 10 - CTCP;0100101308;UPCOM;M10
727;Công ty Cổ phần Thiết bị;0500233549;UPCOM;MA1
728;Công ty cổ phần Tập đoàn Macstar;0200563063;HNX;MAC
729;CTCP Dịch vụ Hàng không Sân bay Đà Nẵng;0400102045;HNX;MAS
730;CTCP Khai khoáng và Cơ khí hữu nghị Vĩnh Sinh;2600632004;Chưa niêm yết và chưa Upcom;MAX
731;Ngân hàng TMCP Quân đội;0100283873;HOSE;MBB
732;CTCP Tập đoàn MBG;0102382580;HNX;MBG
733;CTCP Môi trường và Công trình Đô thị Bắc Ninh;2300181671;UPCOM;MBN
734;CTCP Bất động sản cho thuê Minh Bảo Tín;3702592225;UPCOM;MBT
735;CTCP Gạch Ngói Cao Cấp;3700762464;HNX;MCC
736;CTCP Xây lắp cơ khí và lương thực thực phẩm;1100664038;HNX;MCF
737;CTCP Năng lượng và Bất động sản MCG;0100103295;UPCOM;MCG
738;CTCP Hàng tiêu dùng Ma San;0302017440;UPCOM;MCH
739;Công ty CP Giống bò sữa Mộc Châu;5500154060;HOSE;MCM
740;CTCP Đầu tư và Xây dựng BDC Việt Nam;0101413483;HNX;MCO
741;CTCP In và Bao bì Mỹ Châu;0301671386;HOSE;MCP
742;CTCP Môi trường đô thị Đông Anh;0107726267;UPCOM;MDA
743;CTCP Than Mông Dương - Vinacomin;5700101203;HNX;MDC
744;CTCP Gỗ MDF VRG - Quảng Trị;3200228141;UPCOM;MDF
745;CÔNG TY CỔ PHẦN MIỀN ĐÔNG;3600256545;HOSE;MDG
746;Công ty Cổ phần Cơ khí - Lắp máy Sông Đà;5400240573;UPCOM;MEC
747;Công ty Cổ phần Dược trung ương Mediplantex;0100108430;HNX;MED
748;Công ty cổ phần MEINFA;4600283621;UPCOM;MEF
749;CTCP Thép Mê Lin;2500222727;HNX;MEL
750;CTCP Cơ điện Công trình;0100106190;UPCOM;MES
751;CTCP Dịch vụ Kỹ thuật Mobifone;0102636299;UPCOM;MFS
752;CTCP Địa chất mỏ - TKV;5701436805;UPCOM;MGC
753;Tổng công ty Đức Giang - CTCP;0100101403;UPCOM;MGG
754;Công ty cổ phần Tập đoàn Mgroup;0312267721;UPCOM;MGR
755;CTCP KCN Cao su Bình Long;3800378251;UPCOM;MH3
756;CTCP MHC;0100793715;HOSE;MHC
757;Công ty CP Minh Hữu Liên;0305173769;UPCOM;MHL
758;CTCP Kỹ nghệ khoáng sản Quảng Nam;4000100139;HNX;MIC
759;Tổng công ty Máy và Thiết bị công nghiệp - CTCP;0100101379;UPCOM;MIE
760;Tổng CTCP Bảo hiểm Quân đội;43GP/KDBH;HOSE;MIG
761;Công Ty Cổ Phần Hóa - Dược Phẩm MEKOPHAR;0302533156;UPCOM;MKP
762;CTCP Dược thú y Cai Lậy;1200505472;HNX;MKV
763;Công ty Cổ phần Môi trường Đô thị tỉnh Lào Cai;5300133049;UPCOM;MLC
764;CTCP Chăn nuôi - Mitraco;3001065982;UPCOM;MLS
765;CTCP Khoáng sản Mangan;3000376142;Chưa niêm yết và chưa Upcom;MMC
766;CTCP Masan MeatLife;0311224517;UPCOM;MML
767;Tổng công ty May Nhà Bè - CTCP;0300398889;UPCOM;MNB
768;CTCP Môi trường Nam Định;0600143867;UPCOM;MND
769;CTCP Tập đoàn Thủy sản Minh Phú;2000393273;UPCOM;MPC
770;Công Ty Cổ Phần Tập đoàn MPT (tên cũ CTCP May Phú Thành);0500578254;UPCOM;MPT
771;CTCP Môi trường đô thị Phú Yên;4400115884;UPCOM;MPY
772;CTCP Môi trường và Phát triển đô thị Quảng Bình;3100488562;UPCOM;MQB
773;Công ty cổ phần Môi trường Đô thị Quảng Ngãi;4300225555;UPCOM;MQN
774;CONG TY CP MERUFA;0300478598;UPCOM;MRF
775;Ngân hàng TMCP Hàng Hải Việt Nam;0200124891;HOSE;MSB
776;CTCP May Sông Hồng;0600333307;HOSE;MSH
777;CTCP Tập đoàn Masan;0303576603;HOSE;MSN
778;CTCP Masan High - Tech Materials;0309966889;UPCOM;MSR
779;Công ty CP Đầu tư MST;0103983390;HNX;MST
780;Tổng Công ty khoáng sản và thương mại Hà Tĩnh-CTCP;3000310977;UPCOM;MTA
781;CTCP Môi trường và Công trình đô thị tỉnh Thái Bình;1000219925;UPCOM;MTB
782;CTCP MT Gas;1100480979;UPCOM;MTG
783;Công ty cổ phần Môi trường Đô thị Hà Đông;0500332500;UPCOM;MTH
784;CTCP Dịch vụ môi trường đô thị Từ Liêm;0106893917;UPCOM;MTL
785;Công ty Cổ phần Dược Medipharco;3300101406;UPCOM;MTP
786;CTCP Vật tư - TKV;5700100707;UPCOM;MTS
787;CTCP Dịch vụ Môi trường và Công trình Đô thị Vũng Tàu;3500137706;UPCOM;MTV
788;Tổng CT Công nghiệp mỏ Việt Bắc TKV-CTCP;0100100015;HNX;MVB
789;CTCP Vật liệu và xây dựng Bình Dương;3700148529;UPCOM;MVC
790;Tổng Công ty Hàng hải Việt Nam - CTCP;0100104595;UPCOM;MVN
791;CTCP Đầu tư thế giới di động;0306731335;HOSE;MWG
792;Công ty cổ phần MiZa;0105028958;UPCOM;MZG
793;Ngân hàng TMCP Nam Á;0300872315;HOSE;NAB
794;CTCP Tư vấn xây dựng tổng hợp - NAGECCO;0300403987;UPCOM;NAC
795;Công ty CP Nafoods Group;2900326375;HOSE;NAF
796;CTCP Tập đoàn Nagakawa;2500217389;HNX;NAG
797;CTCP Cảng Nghệ Tĩnh;2900325068;HNX;NAP
798;CTCP Dịch vụ Hàng không Sân bay Nội Bài;0100108254;UPCOM;NAS
799;CÔNG TY CỔ PHẦN MÔI TRƯỜNG VÀ CÔNG TRÌNH ĐÔ THỊ NGHỆ AN;2900326985;UPCOM;NAU
800;CÔNG TY CỔ PHẦN NAM VIỆT;0302205973;HOSE;NAV
801;Công ty Cổ phần Cấp nước Nghệ An;2900324240;UPCOM;NAW
802;CTCP Đầu tư Năm Bảy Bảy;0303885305;HOSE;NBB
803;Công ty cổ phần Than Núi Béo – Vinacomin;5700101700;HNX;NBC
804;CTCP Sách và Thiết bị giáo dục Miền Bắc;0104546308;UPCOM;NBE
805;Công ty Cổ phần Nhiệt điện Ninh Bình;2700283389;HNX;NBP
806;Công Ty Cổ Phần Cấp thoát nước Bến Tre;1300107725;UPCOM;NBT
807;CÔNG TY CỔ PHẦN CẤP NƯỚC NHÀ BÈ;0304789298;HNX;NBW
808;CTCP Tập đoàn Nova Consumer;0301447257;UPCOM;NCG
809;Công ty cổ phần Suất ăn Hàng không Nội Bài;0101509403;UPCOM;NCS
810;CTCP Dịch vụ hàng hóa Nội Bài;0101640729;HOSE;NCT
811;CTCP Đầu tư và Phát triển điện miền Bắc 2;5300215527;UPCOM;ND2
812;Công ty cổ phần Nam Dược;0101452595;UPCOM;NDC
813;CTCP Chế biến thực phẩm nông sản xuất khẩu Nam Định;0600265248;UPCOM;NDF
814;CTCP Đầu tư phát triển nhà Đà Nẵng;0400101323;HNX;NDN
815;Công Ty Cổ Phần Dược phẩm 2/9;0302404048;UPCOM;NDP
816;Tổng CTCP Dệt May Nam Định;0600019436;UPCOM;NDT
817;CÔNG TY CỔ PHẦN CẤP NƯỚC NAM ĐỊNH;0600008000;UPCOM;NDW
818;CTCP Xây lắp Phát triển nhà Đà Nẵng;0400620833;HNX;NDX
819;Công ty Cổ phần Đầu tư và Phát triển điện Tây Bắc;5500271984;UPCOM;NED
820;Công ty cổ phần Bột giặt NET;3600642822;HNX;NET
821;CTCP Phân lân Ninh Bình;2700224471;HNX;NFC
822;CTCP Chế biến thủy sản xuất khẩu Ngô Quyền;1700460163;UPCOM;NGC
823;Tổng Công ty Đầu tư Phát triển Nhà và Đô thị Nam Hà Nội;0700222689;HOSE;NHA
824;CTCP Gạch ngói Nhị Hiệp;3700358798;HNX;NHC
825;Công ty Cổ phần Nhựa Hà Nội;0100100858;HOSE;NHH
826;CTCP Sản xuất xuất nhập khẩu NHP;0106332492;UPCOM;NHP
827;CTCP Sản xuất và thương mại Nam Hoa;0303292182;HOSE;NHT
828;CTCP Sức khỏe Hồi Sinh Việt Nam;4600483821;UPCOM;NHV
829;Công ty cổ phần May Nam Định;0600328515;UPCOM;NJC
830;CTCP Thép Nam Kim;3700477019;HOSE;NKG
831;Công ty CP Đầu tư Nam Long;0301438936;HOSE;NLG
832;CTCP Cấp thoát nước Lạng Sơn;4900101738;UPCOM;NLS
833;CTCP Đá Núi Nhỏ;3700762471;HOSE;NNC
834;CTCP Cấp nước Ninh Thuận;4500289362;UPCOM;NNT
835;Công Ty Cổ Phần Tập Đoàn 911;0105207386;HOSE;NO1
836;CTCP Vận tải Biển Bắc (CTCP Vận tải biển và Thương mại Phương Đông);0100105609;UPCOM;NOS
837;Công ty Cổ phần Cấp nước Quảng Bình;3100130287;UPCOM;NQB
838;CTCP Nước sạch Quảng Ninh;5700100104;UPCOM;NQN
839;CÔNG TY CỔ PHẦN TẬP ĐOÀN NRC;0312695565;HNX;NRC
840;CTCP Nước sạch số 2 Hà Nội;0100106088;UPCOM;NS2
841;Công ty cổ phần Tập đoàn giống cây trồng Việt Nam;0101449271;HOSE;NSC
842;CTCP Nhựa Sài Gòn;0300766500;UPCOM;NSG
843;CTCP Tập đoàn Nhôm Sông Hồng Shalumi;2600213532;HNX;NSH
844;CTCP Cấp nước Sơn La;5500154649;UPCOM;NSL
845;CTCP Nông súc sản Đồng Nai;3600267730;UPCOM;NSS
846;CTCP Ngân Sơn;0100100199;HNX;NST
847;CTCP Điện Lực Dầu Khí Nhơn Trạch 2;3600897316;HOSE;NT2
848;CTCP Đầu tư Xây dựng và khai thác công trình giao thông 584;0304967631;UPCOM;NTB
849;CTCP Khu công nghiệp Nam Tân Uyên;3700621209;UPCOM;NTC
850;Công ty CP Dược Vật tư Y tế Nghệ An;2900491298;UPCOM;NTF
851;Công ty Cổ phần Thủy điện Nước Trong;4300322171;HNX;NTH
852;CTCP Phát triển Đô thị Từ Liêm;0101533886;HOSE;NTL
853;CTCP Nhựa Thiếu niên Tiền Phong;0200167782;HNX;NTP
854;Công ty Cổ phần Dệt - May Nha Trang;4200237973;UPCOM;NTT
855;CTCP Cấp nước Nhơn Trạch;3600977120;UPCOM;NTW
856;CTCP Môi trường đô thị Nha Trang;4200444916;UPCOM;NUE
857;Ngân hàng TMCP Quốc Dân;1700169765;HNX;NVB
858;CTCP Tập đoàn Đầu tư Địa ốc No Va;0301444753;HOSE;NVL
859;CTCP Nhà Việt Nam;0302556594;Chưa niêm yết và chưa Upcom;NVN
860;CTCP Nước sạch Vĩnh Phúc;2500144719;UPCOM;NVP
861;CTCP BĐS Du lịch Ninh Vân Bay;0102051941;HOSE;NVT
862;Công ty cổ phần Vận tải Newway;0106921949;UPCOM;NWT
863;CTCP Sản xuất và Cung ứng Vật liệu xây dựng Kon Tum;6100102662;UPCOM;NXT
864;Ngân hàng TMCP Phương Đông;0300852005;HOSE;OCB
865;CTCP One Capital Hospitality;0800338870;HNX;OCH
866;CTCP Tập đoàn Truyền thông và Giải trí ODE;0107602021;UPCOM;ODE
867;Công ty Cổ phần Tập đoàn Đại Dương;0102278484;HOSE;OGC
868;Tổng công ty Dầu Việt Nam - CTCP;0305795054;UPCOM;OIL
869;CTCP Truyền Thông số 1;0100233174;HNX;ONE
870;CTCP Dịch vụ Một thế giới;0306507037;UPCOM;ONW
871;Công Ty Cổ Phần Dược Phẩm OPC;0302560110;HOSE;OPC
872;Công ty CP Pin Ắc quy Miền Nam;0300405462;HOSE;PAC
873;CTCP Công nghệ thông tin, Viễn thông và Tự động hóa Dầu khí;0103349508;UPCOM;PAI
874;CTCP Tập đoàn PAN;0301472704;HOSE;PAN
875;Công ty Cổ phần Dầu khí Đầu tư Khai thác Cảng Phước An (PAP);3601010336;UPCOM;PAP
876;CTCP Quốc tế Phương Anh;0900613295;UPCOM;PAS
877;CTCP Phốt pho Apatit Việt Nam;5300656602;UPCOM;PAT
878;CTCP Dược Phẩm Trung Ương I - Pharbaco;0100109032;UPCOM;PBC
879;CTCP Bao bì Dầu khí Việt Nam;1900437757;HNX;PBP
880;Công ty cổ phần Nhà và Thương mại Dầu khí;4300429492;UPCOM;PBT
881;CÔNG TY CỔ PHẦN TẬP ĐOÀN PC1;0100100745;HOSE;PC1
882;CTCP Tập đoàn Xây lắp 1 - Petrolimex;0100108180;UPCOM;PCC
883;CTCP Phân Bón và Hóa Chất Dầu Khí Miền Trung;4100733174;HNX;PCE
884;Công ty cổ phần Cà phê PETEC;0304263392;UPCOM;PCF
885;CTCP Đầu tư phát triển gas đô thị;0102349865;HNX;PCG
886;Công ty cổ phần Nhựa Picomat;0104518043;HNX;PCH
887;CTCP VẬT LIỆU XÂY DỰNG BƯU ĐIỆN;0100687185;UPCOM;PCM
888;CTCP Vận tải Khí và Hóa chất Việt Nam;0305020272;HNX;PCT
889;CTCP Tập đoàn Đầu tư Din Capital;0401333013;HNX;PDB
890;CTCP Du lịch Dầu Khí Phương Đông;2900781381;UPCOM;PDC
891;CTCP Cảng Đồng Nai;3600334112;HOSE;PDN
892;CTCP Phát Triển BĐS Phát Đạt;0303493756;HOSE;PDR
893;Công ty Cổ phần Vận tải và Tiếp vận Phương Đông Việt;0304934883;HOSE;PDV
894;Tổng công ty Thương mại Kỹ thuật và Đầu tư - CTCP (PETEC);0300649476;UPCOM;PEG
895;CTCP XÂY LẮP III PETROLIMEX;0302536580;HNX;PEN
896;CTCP Thiết bị Xăng dầu Petrolimex;0100108102;UPCOM;PEQ
897;Tổng công ty CP Dịch vụ Tổng Hợp Dầu Khí;0300452060;HOSE;PET
898;CTCP Dầu khí Đông Đô;0102293517;UPCOM;PFL
899;Ngân hàng TMCP Xăng dầu Petrolimex;1400116233;UPCOM;PGB
900;Tổng Công ty Gas Petrolimex - CTCP;0101447725;HOSE;PGC
901;CTCP Phân phối Khí thấp áp Dầu khí Việt Nam;0304998686;HOSE;PGD
902;Tổng Công Ty Cổ phần Bảo hiểm Petrolimex;67GP/KDBH;HOSE;PGI
903;CTCP Phụ gia nhựa;2500287403;HNX;PGN
904;CTCP Kinh doanh Khí Miền Nam;0305097236;HNX;PGS
905;CÔNG TY CỔ PHẦN PGT HOLDINGS;0303527483;HNX;PGT
906;Tổng Công ty Phát điện 3 - Công ty cổ phần;3502208399;HOSE;PGV
907;CTCP Xây dựng Phục Hưng Holdings;0101311315;HOSE;PHC
908;CTCP Hồng Hà Việt Nam;0100109674;UPCOM;PHH
909;CTCP Pin Hà Nội;0100100752;HNX;PHN
910;Công ty cổ phần Cảng Hải Phòng;0200236845;UPCOM;PHP
911;Công ty cổ phần cao su Phước Hòa;3700147532;HOSE;PHR
912;CTCP Tin học Viễn thông Petrolimex;0101409374;HNX;PIA
913;CTCP Đầu tư Điện Lực 3;0400599162;HNX;PIC
914;CTCP Trang trí nội thất dầu khí;0103467702;UPCOM;PID
915;Tổng công ty PISICO Bình Định - CTCP;4100258987;UPCOM;PIS
916;CTCP XNK Petrolimex;0301776741;HOSE;PIT
917;CTCP PIV;0102636059;UPCOM;PIV
918;CTCP Thương mại và Vận tải Petrolimex Hà Nội;0100919284;HNX;PJC
919;Công ty CP Cấp nước Phú Hòa Tân;0304796249;UPCOM;PJS
920;CTCP Vận tải xăng dầu đường thủy Petrolimex;0301825283;HOSE;PJT
921;CTCP Đầu tư và dịch vụ hạ tầng xăng dầu;0101788806;UPCOM;PLA
922;Tổng công ty Hóa dầu Petrolimex - CTCP;0101463614;HNX;PLC
923;CTCP Tư vấn xây dựng Petrolimex;0101466968;UPCOM;PLE
924;CTCP Kho vận Petec;3700791715;UPCOM;PLO
925;CTCP Sản xuất và công nghệ nhựa Pha Lê;0103018538;HOSE;PLP
926;Tập đoàn Xăng dầu Việt Nam;0100107370;HOSE;PLX
927;CTCP Phân bón và Hóa chất Dầu khí Miền Bắc;0102886450;HNX;PMB
928;CTCP Dược phẩm Dược liệu Pharmedic;0300483037;HNX;PMC
929;CTCP Đầu tư và Sản xuất Petro Miền Trung;4000462724;HOSE;PMG
930;CTCP Vật tư Bưu điện;0300464683;UPCOM;PMJ
931;CTCP Bao bì Đạm Phú Mỹ;3500874315;HNX;PMP
932;CTCP Cơ khí Xăng dầu;0301838116;HNX;PMS
933;CÔNG TY CỔ PHẦN VIỄN THÔNG TELVINA VIỆT NAM;0100682645;UPCOM;PMT
934;CTCP Cấp nước Phú Mỹ;3500677525;UPCOM;PMW
935;CT CP Văn Hóa Phương Nam;0301860552;HOSE;PNC
936;CTCP Xăng dầu Dầu khí Nam Định;0600759399;UPCOM;PND
937;Công ty Cổ phần Thương mại Phú Nhuận;0301428617;UPCOM;PNG
938;CTCP Vàng bạc đá quý Phú Nhuận;0300521758;HOSE;PNJ
939;CTCP Tân Cảng - Phú Hữu;0309444635;UPCOM;PNP
940;Công ty Cổ phần Kỹ thuật Xây dựng Phú Nhuận;0300428854;UPCOM;PNT
941;CTCP xăng dầu Dầu khí Hưng Yên;1000808141;UPCOM;POB
942;CTCP Thép Pomina;3700321364;UPCOM;POM
943;Công ty Cổ phần Vận hành và Xây lắp PTSC;3500818790;UPCOM;POS
944;CTCP Thiết bị Bưu điện;0100686865;HNX;POT
945;CTCP Xăng dầu Dầu khí Vũng Áng;3000413193;UPCOM;POV
946;Tổng công ty Điện lực Dầu khí Việt Nam-CTCP;0102276173;HOSE;POW
947;CTCP Nhiệt điện Phả Lại;0800296853;HOSE;PPC
948;CTCP Tư vấn Đầu tư PP Enterprise;0102403985;HNX;PPE
949;Tổng CTCP Phong Phú;0301446006;UPCOM;PPH
950;CTCP Đầu tư và Phát triển Dự án hạ tầng Thái Bình Dương;0303614496;UPCOM;PPI
951;CTCP Dược phẩm Phong Phú;0301427564;HNX;PPP
952;CTCP Dịch vụ Kỹ thuật Điện lực Dầu khí Việt Nam;0102560459;HNX;PPS
953;CTCP PETRO TIMES;0201651354;HNX;PPT
954;CTCP Xăng dầu dầu khí Phú Yên;4400114094;HNX;PPY
955;CTCP Dịch vụ Dầu khí Quảng Ngãi PTSC;4300351623;UPCOM;PQN
956;Công ty cổ phần Logistics PortserCo;0400438101;HNX;PRC
957;Tổng công ty cổ phần tái bảo hiểm Hà Nội (Tổng công ty cổ phần tái bảo hiểm PVI);0105434036;HNX;PRE
958;Công ty Cổ phần Procimex Việt Nam;0400100506;UPCOM;PRO
959;Tổng công ty Sản xuất - Xuất nhập khẩu Bình Dương - CTCP;3700148166;UPCOM;PRT
960;Công ty Cổ phần Đầu tư Dầu khí Sao Mai - Bến Đình;3500794814;UPCOM;PSB
961;CTCP Vận tải và dịch vụ Petrolimex Sài Gòn;0302160137;HNX;PSC
962;CTCP Dịch vụ phân phối tổng hợp dầu khí;0305482862;HNX;PSD
963;Công ty cổ phần Phân bón và Hóa chất Dầu khí Đông Nam Bộ;0305918852;HNX;PSE
964;CTCP Đầu tư và Xây lắp dầu khí Sài Gòn;0305858385;UPCOM;PSG
965;CTCP Thương mại Đầu tư Dầu khí Nam Sông Hậu;6300177249;HOSE;PSH
966;Công ty Cổ phần Chăn nuôi Phú Sơn;3600271092;UPCOM;PSL
967;CTCP Cảng dịch vụ dầu khí tổng hợp PTSC Thanh Hóa;2801448559;UPCOM;PSN
968;Công ty Cổ phần Cảng Dịch vụ Dầu khí Đình Vũ;0200754420;UPCOM;PSP
969;CTCP Phân bón và Hóa chất dầu khí Tây Nam Bộ;1800722461;HNX;PSW
970;CTCP Phú Tài;4100259236;HOSE;PTB
971;CTCP Đầu tư iCapital;0100686544;HOSE;PTC
972;CTCP Thiết kế Xây dựng Thương mại Phúc Thịnh;0302365984;HNX;PTD
973;CTCP Xi măng Phú Thọ;2600116271;UPCOM;PTE
974;CÔNG TY CỔ PHẦN MAY XUẤT KHẨU PHAN THIẾT;3400353333;UPCOM;PTG
975;CTCP Vận tải và Dịch vụ Petrolimex Hà Tây;0500387891;UPCOM;PTH
976;Tổng CTCP Bảo Hiểm Bưu Điện;41AGP/KDBH;HNX;PTI
977;CTCP Victory Capital (Tên cũ: CTCP Đầu tư Hạ tầng và Đô thị Dầu khí);0305284081;HOSE;PTL
978;CTCP Sản xuất, thương mại và dịch vụ ô tô PTM;0101116000;UPCOM;PTM
979;CTCP Dịch vụ Xây dựng Công trình Bưu điện;0304731322;UPCOM;PTO
980;CTCP Dịch vụ viễn thông và In bưu điện;0100687474;UPCOM;PTP
981;CTCP Vận tải và Dịch vụ Petrolimex Hải Phòng;0200412699;HNX;PTS
982;CTCP Vận tải Dầu khí Đông Dương;0102327357;UPCOM;PTT
983;CTCP Thương mại Dầu khí;0305447723;UPCOM;PTV
984;CTCP Vận tải và Dịch vụ Petrolimex Nghệ Tĩnh;2900428497;UPCOM;PTX
985;CTCP Đầu tư PV2;0102306389;HNX;PV2
986;CTCP - Tổng công ty Xây lắp Dầu khí Nghệ An;2900325413;UPCOM;PVA
987;CTCP Bọc ống dầu khí Việt Nam;0600393680;HNX;PVB
988;Tổng công ty Hoá chất và dịch vụ Dầu khí - CTCP;0100150873;HNX;PVC
989;Tổng CTCP Khoan và Dịch vụ Khoan Dầu khí (PV Drilling);0302495126;HOSE;PVD
990;Tổng Công ty Tư vấn Thiết kế Dầu khí - CTCP;0301479273;UPCOM;PVE
991;CTCP Kinh doanh LPG Việt Nam;0102311149;HNX;PVG
992;CTCP Xây lắp Dầu khí Thanh Hóa;2800947548;UPCOM;PVH
993;Công ty cổ phần PVI;0100151161;HNX;PVI
994;CTCP Đầu tư tài chính bảo hiểm dầu khí;0102469707;Chưa niêm yết và chưa Upcom;PVIF
995;Công ty Cổ phần Địa ốc Dầu khí;0102380872;UPCOM;PVL
996;CTCP Máy - Thiết bị Dầu khí;0101394512;UPCOM;PVM
997;CÔNG TY CỔ PHẦN DẦU NHỜN PV OIL;0103100084;UPCOM;PVO
998;CTCP Vận tải dầu khí Thái Bình Dương;0305475110;HOSE;PVP
999;CTCP Đầu tư PVR Hà Nội;0500547376;UPCOM;PVR
1000;Tổng CTCP Dịch vụ Kỹ thuật Dầu khí Việt Nam;0100150577;HNX;PVS
1001;Tổng Công ty cổ phần Vận tải dầu khí;0302743192;HOSE;PVT
1002;Công ty cổ phần Vinaconex 39;0102141289;UPCOM;PVV
1003;Tổng CTCP Xây lắp Dầu khí Việt Nam;3500102365;UPCOM;PVX
1004;CTCP Chế tạo giàn khoan dầu khí;3500806844;UPCOM;PVY
1005;CTCP Bất động sản dầu khí;0102025250;UPCOM;PWA
1006;Công ty cổ phần Cấp thoát nước Phú Yên;4400115690;UPCOM;PWS
1007;CTCP Xi măng Sông Lam 2;2900325156;UPCOM;PX1
1008;CTCP Đầu tư và Thương mại Dầu khí Nghệ An;2900872462;UPCOM;PXA
1009;CTCP Phát triển đô thị dầu khí;2000492299;UPCOM;PXC
1010;CTCP Xây dựng Công nghiệp và dân dụng dầu khí;3500832971;UPCOM;PXI
1011;CTCP Đầu tư Khu công nghiệp Dầu khí Long Sơn;3500811001;UPCOM;PXL
1012;CTCP Xây lắp dầu khí Miền Trung;4300368987;UPCOM;PXM
1013;CTCP Kết cấu kim loại và lắp máy dầu khí;3500834094;UPCOM;PXS
1014;Công ty cổ phần xây lắp đường ống bể chứa Dầu Khí;3500833615;UPCOM;PXT
1015;CTCP XNK Quảng Bình;0200730878;UPCOM;QBS
1016;CTCP Đầu tư xây dựng và phát triển hạ tầng viễn thông;4000364082;UPCOM;QCC
1017;CTCP Quốc Cường Gia Lai;5900409387;HOSE;QCG
1018;CTCP que hàn điện Việt Đức;0500445085;HNX;QHD
1019;CTCP Nước khoáng Quảng Ninh;5700379618;UPCOM;QHW
1020;CTCP Xi măng và Xây dựng Quảng Ninh;5700100263;UPCOM;QNC
1021;Công ty cổ phần Cảng Quy Nhơn;4100258793;HOSE;QNP
1022;CTCP Đường Quảng Ngãi;4300205943;UPCOM;QNS
1023;CTCP Tư vấn và Đầu tư phát triển Quảng Nam;4001205776;UPCOM;QNT
1024;Công ty Cổ phần môi trường đô thị Quảng Nam;4000108321;UPCOM;QNU
1025;CTCP Cấp thoát nước và xây dựng Quảng Ngãi;4300326264;UPCOM;QNW
1026;CTCP Thủy điện Quế Phong;2900687702;UPCOM;QPH
1027;CTCP Tân Cảng Quy Nhơn;4100694020;UPCOM;QSP
1028;CTCP Sách và thiết bị trường học Quảng Ninh;5700101549;HNX;QST
1029;CTCP Công trình giao thông Vận tải Quảng Nam;4000390766;HNX;QTC
1030;CTCP Nhiệt điện Quảng Ninh;5700434869;UPCOM;QTP
1031;Công ty Cổ Phần Bóng đèn Phích nước Rạng Đông;0101526991;HOSE;RAL
1032;CTCP Vận tải và thương mại đường sắt;0101206286;UPCOM;RAT
1033;CTCP Công nghiệp và xuất nhập khẩu Cao Su;0300694937;UPCOM;RBC
1034;Công ty cổ phần Tổng công ty công trình đường sắt;3300101075;UPCOM;RCC
1035;CTCP Xây dựng - Địa ốc Cao su;0300695916;UPCOM;RCD
1036;CTCP Địa ốc Chợ Lớn;0300450962;HNX;RCL
1037;Công Ty Cổ Phần Rạng Đông Holding;0300384357;HOSE;RDP
1038;CTCP Cơ điện lạnh;0300741143;HOSE;REE
1039;CTCP Tu bổ di tích Trung ương - Vinaremon;0100123319;Chưa niêm yết và chưa Upcom;REM
1040;CTCP Regal Group;0401414671;UPCOM;RGG
1041;CTCP Quốc tế Hoàng Gia;5700102119;UPCOM;RIC
1042;Công ty Cổ phần Cao su Tân Biên;3900242832;UPCOM;RTB
1043;Công ty cổ phần Sản xuất và Đầu tư Hoàng Gia;3501459505;HOSE;RYG
1044;CTCP Sông Đà 12;0100105140;UPCOM;S12
1045;CTCP Thủy điện Sê San 4A;5900413305;HOSE;S4A
1046;Công ty cổ phần Sông Đà 505;5900320629;HNX;S55
1047;Công ty cổ phần Sông Đà 7.02;5400232452;UPCOM;S72
1048;CTCP Sông Đà 7.04;5500296523;UPCOM;S74
1049;Công ty cổ phần SCI;0101405355;HNX;S99
1050;Tổng CTCP Bia - Rượu - nước giải khát Sài Gòn;0300583659;HOSE;SAB
1051;Công ty Cổ phần Xếp dỡ và Dịch vụ Cảng Sài Gòn;0310346174;UPCOM;SAC
1052;CTCP Lương thực thực phẩm Safoco;0303752249;HNX;SAF
1053;CTCP Trục vớt cứu hộ Việt Nam;0300430099;UPCOM;SAL
1054;Công ty CP SAM Holdings;3600253537;HOSE;SAM
1055;CTCP In sách giáo khoa Tp. Hồ Chí Minh;0303171300;UPCOM;SAP
1056;CTCP Dịch vụ Hàng không sân bay Tân Sơn Nhất;0301123125;UPCOM;SAS
1057;CTCP Hợp tác kinh tế và xuất nhập khẩu Savimex;0302317892;HOSE;SAV
1058;CTCP Bia Sài Gòn - Nghệ Tĩnh;2900765728;UPCOM;SB1
1059;CTCP Sông Ba;0400439955;HOSE;SBA
1060;CTCP Tập đoàn Bia Sài Gòn Bình Tây;0304116373;UPCOM;SBB
1061;CTCP Vận tải và Giao nhận Bia Sài Gòn;0304082452;Chưa niêm yết và chưa Upcom;SBC
1062;CTCP Công nghệ Sao Bắc Đẩu;0303191804;UPCOM;SBD
1063;CTCP Tập đoàn cơ khí công nghệ cao SIBA;0313140100;HOSE;SBG
1064;CTCP Thủy điện Sông Ba Hạ;4400415302;UPCOM;SBH
1065;CTCP Bia Sài Gòn - Bạc Liêu;1900333973;UPCOM;SBL
1066;CTCP Đầu tư phát triển Bắc Minh;0102165522;UPCOM;SBM
1067;Công ty Cổ phần Cao su Sông Bé;3800100464;UPCOM;SBR
1068;CÔNG TY CỔ PHẦN THÀNH THÀNH CÔNG - BIÊN HÒA;3900244389;HOSE;SBT
1069;CTCP Siam Brothers Việt Nam;0300812161;HOSE;SBV
1070;CTCP Xây dựng số 5;0300378152;HOSE;SC5
1071;Ngân hàng TMCP Sài Gòn;0311449990;Chưa niêm yết và chưa Upcom;SCB
1072;CTCP Thương mại Đầu tư SHB;5400213153;UPCOM;SCC
1073;CTCP Nước giải khát Chương Dương (CDBECO);0300584564;UPCOM;SCD
1074;CTCP Tập đoàn Xây dựng SCG;0108704763;HNX;SCG
1075;Công ty CP SCI E&C;0500574676;HNX;SCI
1076;Công ty cổ phần xi măng Sài Sơn;0500444444;UPCOM;SCJ
1077;CTCP Sông Đà Cao Cường;0800376530;UPCOM;SCL
1078;CTCP Công nghiệp Thủy sản;0302166033;UPCOM;SCO
1079;CÔNG TY CỔ PHẦN ĐỊA ỐC SÀI GÒN THƯƠNG TÍN;0303315400;HOSE;SCR
1080;CTCP Dịch Vụ Hàng Hóa Sài Gòn;0305654014;HOSE;SCS
1081;CTCP Sông Đà 2;0500236821;UPCOM;SD2
1082;CTCP Sông Đà 3;5900189364;UPCOM;SD3
1083;CTCP Sông Đà 4;5900189325;UPCOM;SD4
1084;Công ty cổ phần Sông Đà 5;0100886857;HNX;SD5
1085;CTCP Sông Đà 6;4400135552;UPCOM;SD6
1086;Công ty Cổ phần Sông Đà 7;5400105091;UPCOM;SD7
1087;CTCP Sông Đà 8;0500276454;UPCOM;SD8
1088;CTCP Sông Đà 9;0100845515;HNX;SD9
1089;CTCP SIMCO Sông Đà;0101401706;HNX;SDA
1090;Công ty cổ phần Tư Vấn Sông Đà;0100105454;HNX;SDC
1091;Công ty CP Đầu tư và Xây lắp Sông Đà;0500450173;UPCOM;SDD
1092;Công ty CP Sadico Cần Thơ;1800155452;HNX;SDG
1093;CÔNG TY CỔ PHẦN CƠ KHÍ LUYỆN KIM;3600869728;UPCOM;SDK
1094;CTCP Sơn Đồng Nai;3600451024;HNX;SDN
1095;Công ty cổ phần SDP;0500444772;UPCOM;SDP
1096;CTCP Sông Đà 10;5900189357;UPCOM;SDT
1097;CTCP Đầu tư xây dựng và phát triển đô thị sông Đà;0102186917;HNX;SDU
1098;CTCP Dịch vụ Sonadezi;3600890938;UPCOM;SDV
1099;CTCP Xi măng Sông Đà Yaly;5900305243;UPCOM;SDY
1100;Tổng công ty Thủy sản Việt Nam - Công ty cổ phần;0310745210;UPCOM;SEA
1101;CTCP Đầu tư và Phát triển Điện Miền Trung;4200519791;HNX;SEB
1102;CTCP Đầu tư và Phát triển giáo dục Phương Nam;0304952106;HNX;SED
1103;CTCP Tổng Công ty thương mại Quảng Trị;3200042556;UPCOM;SEP
1104;CTCP Giải pháp doanh nghiệp thông minh;123123123;Chưa niêm yết và chưa Upcom;SES
1105;CTCP Nhiên liệu Sài Gòn;0300631013;HOSE;SFC
1106;CTCP Phân bón Miền Nam;0300430500;HOSE;SFG
1107;Công Ty Cổ Phần Đại Lý Vận Tải SAFI;0301471330;HOSE;SFI
1108;Công ty Cổ phần Dệt lưới Sài Gòn;0300669828;HNX;SFN
1109;Ngân hàng TMCP Sài Gòn công thương;0300610408;UPCOM;SGB
1110;CTCP XNK Sa Giang;1400469817;HNX;SGC
1111;CTCP Sách Giáo Dục Tp.Hồ Chí Minh;0303280405;HNX;SGD
1112;CTCP Khách sạn Sài Gòn;0300850255;HNX;SGH
1113;CTCP Đầu tư Phát triển Sài Gòn 3 Group;0315205307;UPCOM;SGI
1114;CTCP Phục vụ mặt đất Sài Gòn;0312610240;HOSE;SGN
1115;CTCP Dầu thực vật Sài Gòn;0309802048;Chưa niêm yết và chưa Upcom;SGO
1116;CTCP Cảng Sài Gòn;0300479714;UPCOM;SGP
1117;CTCP Tổng Công ty Cổ phần Địa ốc Sài Gòn;0301899038;HOSE;SGR
1118;CTCP Vận Tải Biển Sài Gòn;0300424088;UPCOM;SGS
1119;CTCP Công nghệ viễn thông Sài Gòn;0302615063;HOSE;SGT
1120;CTCP Sơn Hà Sài Gòn;0307526635;HOSE;SHA
1121;Ngân hàng TMCP Sài Gòn - Hà Nội;1800278630;HOSE;SHB
1122;CTCP Hàng hải Sài Gòn;0302590764;UPCOM;SHC
1123;CTCP Phát triển Năng Lượng Sơn Hà;0101809894;HNX;SHE
1124;Tổng CTCP Sông Hồng;2600104283;UPCOM;SHG
1125;Công ty Cổ phần Quốc tế Sơn Hà;0100776445;HOSE;SHI
1126;CTCP Đầu tư tổng hợp Hà Nội;0102287094;HNX;SHN
1127;Công ty Cổ phần Thủy điện Miền Nam;0303416670;HOSE;SHP
1128;CÔNG TY CỔ PHẦN ANI;0303255529;Chưa niêm yết và chưa Upcom;SIC
1129;Công ty Cổ phần Đầu tư Phát triển Sài Gòn Co.op;0304921066;UPCOM;SID
1130;CTCP Đầu tư và thương mại sông Đà;0102662098;UPCOM;SIG
1131;CTCP Hạ tầng nước Sài Gòn;0303476454;UPCOM;SII
1132;CTCP Đầu tư Sài Gòn VRG;0305268812;HOSE;SIP
1133;Công ty Cổ phần Sivico;0200456505;UPCOM;SIV
1134;Công Ty Cổ Phần Nông Nghiệp Hùng Hậu;0302047389;HNX;SJ1
1135;CTCP Thủy điện Cần Đơn;3801068943;HOSE;SJD
1136;Công ty cổ phần Sông Đà 11;0500313811;HNX;SJE
1137;CTCP Đầu tư Sao Thái Dương;0105806767;UPCOM;SJF
1138;Tổng công ty Sông Đà - CTCP;0100105870;UPCOM;SJG
1139;CTCP Sông Đà 19;0400450691;UPCOM;SJM
1140;Công ty Cổ phần SJ Group;0101399461;HOSE;SJS
1141;CTCP Tàu cao tốc Superdong - Kiên Giang;1700556108;HOSE;SKG
1142;Công ty Cổ phần Nước giải khát Sanest Khánh Hòa;4201675916;UPCOM;SKH
1143;Công ty Cổ phần Nước giải khát SANNA Khánh Hòa;4201675930;UPCOM;SKN
1144;Công ty Cổ phần Nước giải khát Yến sào Khánh Hòa;4201624478;UPCOM;SKV
1145;Công ty Cổ phần Địa ốc Sacom;3601028125;Chưa niêm yết và chưa Upcom;SLD
1146;CTCP Mía đường Sơn La;5500155321;HNX;SLS
1147;CTCP Thiết bị phụ tùng Sài Gòn;0300542187;HOSE;SMA
1148;CTCP Bia Sài Gòn - Miền Trung;4100739909;HOSE;SMB
1149;CTCP Đầu tư thương mại SMC;0303522206;HOSE;SMC
1150;CTCP Sách và thiết bị giáo dục Miền Nam;0309902130;HNX;SMN
1151;Công ty Cổ phần SAMETEL;3600850734;HNX;SMT
1152;Công ty Cổ Phần Xuất nhập khẩu Thủy sản Năm Căn;2000104323;UPCOM;SNC
1153;Tổng công ty CP Phát triển Khu công nghiệp (Sonadezi);3600335363;UPCOM;SNZ
1154;Công ty cổ phần thủy điện Sử Pán 2;5300226455;UPCOM;SP2
1155;CTCP Sợi Phú Bài;3300352720;UPCOM;SPB
1156;CTCP Bảo vệ thực vật Sài Gòn;0300632232;HNX;SPC
1157;CTCP Xuất nhập khẩu Thủy sản Miền Trung;0400100778;UPCOM;SPD
1158;CTCP XNK Thủy sản Hà Nội;0100102848;UPCOM;SPH
1159;Công ty cổ phần Spiral Galaxy;2801330959;HNX;SPI
1160;Công Ty Cổ Phần S.P.M.;0302271207;HOSE;SPM
1161;CTCP Thủy đặc sản (Seaspimex);0302598530;UPCOM;SPV
1162;CTCP Sara Việt Nam;0101476469;HNX;SRA
1163;CTCP Tập đoàn Sara;2900556890;UPCOM;SRB
1164;Công ty Cổ phần Cao su Sao vàng;0100100625;HOSE;SRC
1165;CTCP Kỹ Nghệ Lạnh (SEAREFICO);0301825452;HOSE;SRF
1166;Ngân hàng TMCP Đông Nam Á;0200253985;HOSE;SSB
1167;CÔNG TY CỔ PHẦN GIỐNG CÂY TRỒNG MIỀN NAM;0302634683;HOSE;SSC
1168;CTCP Giày Sài Gòn;0300396916;UPCOM;SSF
1169;CTCP Vận tải biển Hải Âu;0302020027;UPCOM;SSG
1170;CTCP Phát triển Sunshine Homes;0106784499;UPCOM;SSH
1171;CTCP chế tạo kết cấu thép VNECO.SSM;0400474004;HNX;SSM
1172;CTCP XNK Thủy sản Sài gòn;0301261975;UPCOM;SSN
1173;Công ty Cổ phần Thương mại Bia Sài Gòn Sông Tiền;1500459121;Chưa niêm yết và chưa Upcom;SST
1174;Công ty Cổ phần Tập Đoàn ST8;0302563707;HOSE;ST8
1175;Ngân hàng TMCP Sài Gòn Thương Tín;0301103908;HOSE;STB
1176;CTCP Sách và Thiết bị trường học TPHCM;0301325347;HNX;STC
1177;Công ty Cổ phần Bia - Nước giải khát Sài Gòn - Tây Đô;1800641942;UPCOM;STD
1178;CTCP Kho vận miền Nam;0300645369;HOSE;STG
1179;Công ty cổ phần STH HOLDINGS;4600346889;UPCOM;STH
1180;CTCP Sợi Thế Kỷ;0302018927;HOSE;STK
1181;CTCP Sông Đà Thăng Long;0102093571;UPCOM;STL
1182;CTCP Công nghiệp thương mại Sông Đà;0500436570;HNX;STP
1183;CTCP Dịch vụ vận tải Sài Gòn;0300463792;UPCOM;STS
1184;CTCP Vận chuyển Sài Gòn Tourist;0303609986;UPCOM;STT
1185;CÔNG TY CỔ PHẦN CẤP NƯỚC SÓC TRĂNG;2200107297;UPCOM;STW
1186;CTCP Dịch vụ tổng hợp Sài Gòn;0301154821;HOSE;SVC
1187;CTCP Đầu tư và Thương mại Vũ Đăng;0600986828;HOSE;SVD
1188;CTCP Hơi Kỹ Nghệ Que Hàn;0300422482;UPCOM;SVG
1189;CTCP Thủy điện Sông Vàng;0400476650;UPCOM;SVH
1190;CTCP Tập đoàn Vexilla Việt Nam;0101612880;HNX;SVN
1191;CTCP Công nghệ Sài gòn Viễn Đông;0300716891;HOSE;SVT
1192;Tổng CTCP Đường sông Miền Nam;0300447173;UPCOM;SWC
1193;CTCP Sonadezi Long Bình;3601867699;HNX;SZB
1194;CTCP Sonadezi Châu Đức;3600899948;HOSE;SZC
1195;Công ty Cổ phần Môi trường Sonadezi;3600274914;UPCOM;SZE
1196;CTCP Sonadezi Giang Điền;3603474037;UPCOM;SZG
1197;CTCP Sonadezi long thành;3600649539;HOSE;SZL
1198;CTCP Đầu tư và Xây lắp Thành An 665;0100385603;UPCOM;TA6
1199;Công ty Cổ phần Xây lắp Thành An 96;0400100545;HNX;TA9
1200;CTCP Freco Việt Nam;0107005554;UPCOM;TAB
1201;Công ty Cổ phần Đầu tư Bất động sản Taseco;0104079036;UPCOM;TAL
1202;Công ty cổ phần Cà phê Thuận An;6000173846;UPCOM;TAN
1203;CTCP Nông nghiệp Công nghệ cao Trung An;1800241736;UPCOM;TAR
1204;Công ty Cổ phần Cấp nước Trung An;0310350082;UPCOM;TAW
1205;CTCP Sản xuất và kinh doanh vật tư thiết bị - VVMI;0101854047;UPCOM;TB8
1206;CTCP Thủy điện Thác Bà;5200240495;HOSE;TBC
1207;Tổng Công ty Thiết bị điện Đông Anh - CTCP;0100101322;UPCOM;TBD
1208;CTCP Địa ốc Tân Bình;0303240995;UPCOM;TBR
1209;Công ty cổ phần Nước sạch Thái Bình;1000214853;UPCOM;TBW
1210;Ngân hàng TMCP Kỹ thương Việt Nam;0100230800;HOSE;TCB
1211;CTCP Tập đoàn Xây dựng Tracodi;0300482393;HOSE;TCD
1212;CTCP Đầu tư Dịch vụ Tài chính Hoàng Huy;0200117929;HOSE;TCH
1213;CTCP Tô Châu;1400521150;UPCOM;TCJ
1214;Tổng công ty Cơ khí xây dựng - CTCP;0100106553;UPCOM;TCK
1215;CTCP Đại lý Giao nhận Vận tải Xếp dỡ Tân Cảng;0304875444;HOSE;TCL
1216;CTCP Dệt may đầu tư thương mại Thành Công;0301446221;HOSE;TCM
1217;CÔNG TY CỔ PHẦN TCO HOLDINGS;0200793081;HOSE;TCO
1218;CTCP Công nghiệp Gốm sứ Taicera;3600254001;HOSE;TCR
1219;CTCP Cáp treo Núi Bà Tây Ninh;3900309621;HOSE;TCT
1220;CTCP Kho vận Tân Cảng;0309532497;UPCOM;TCW
1221;Công ty cổ phần Than Đèo Nai - Cọc Sáu - TKV;5702162138;UPCOM;TD6
1222;CTCP Thủy điện Định Bình;4100541602;UPCOM;TDB
1223;CTCP Kinh doanh và Phát triển Bình Dương;3700413826;HOSE;TDC
1224;CTCP Trung Đô;2900324272;UPCOM;TDF
1225;CTCP Dầu khí Thái Dương;2400345718;HOSE;TDG
1226;CTCP Phát triển nhà Thủ Đức;0302346036;HOSE;TDH
1227;CTCP Tập đoàn TDI;0307717044;Chưa niêm yết và chưa Upcom;TDI
1228;CTCP Nước Thủ Dầu Một;3702226772;HOSE;TDM
1229;CTCP Thuận Đức;0900264799;HOSE;TDP
1230;Công ty Cổ Phần Thép Thủ Đức-Vnsteel;0305409326;UPCOM;TDS
1231;CTCP Đầu tư và Phát triển TDT;4600941221;HNX;TDT
1232;CTCP Cấp Nước Thủ Đức;0304803601;HOSE;TDW
1233;Tổng công ty Tư vấn thiết kế Giao thông vận tải - CTCP;0100107839;UPCOM;TED
1234;CTCP Năng lượng và Bất động sản Trường Thành;0105167260;HOSE;TEG
1235;CTCP Vải sợi May mặc Miền Bắc;0100108127;HNX;TET
1236;CTCP Trang;0303366525;HNX;TFC
1237;"CTCP The Golden Group (Tên cũ: CTCP Louis Capital; Tên cũ: CTCP Xây dựng và đầu tư Trường Giang";0105787835;UPCOM;TGG
1238;CTCP Trường Phú;0800298748;UPCOM;TGP
1239;CTCP Xuất nhập khẩu tổng hợp I Việt Nam;0100107490;UPCOM;TH1
1240;CTCP Bia Thanh Hóa;2800791192;HNX;THB
1241;Công ty Cổ phần Thaiholdings;0105202998;HNX;THD
1242;CTCP Đầu tư và Xây dựng Tiền Giang;1200526842;HOSE;THG
1243;CTCP Tứ Hải Hà Nam;0700519785;UPCOM;THM
1244;CÔNG TY CỔ PHẦN CẤP NƯỚC THANH HÓA;2800219549;UPCOM;THN
1245;Công Ty Cổ Phần Thủy sản và Thương mại Thuận Phước;0400100432;UPCOM;THP
1246;CTCP Thanh Hoa Sông Đà;2800772376;HNX;THS
1247;CTCP Than Hà Tu - Vinacomin;5700101323;HNX;THT
1248;Công ty cổ phần môi trường và Công trình đô thị Thanh Hóa;2800152894;UPCOM;THU
1249;CTCP Cấp nước Tân Hòa;0310350068;UPCOM;THW
1250;CTCP Tổng công ty Tín Nghĩa;3600283394;UPCOM;TID
1251;CÔNG TY CỔ PHẦN TIE;0301173454;UPCOM;TIE
1252;CTCP Tập Đoàn Đầu Tư Thăng Long;0101164614;HNX;TIG
1253;Công ty tài chính cổ phần Tín Việt;0102766770;UPCOM;TIN
1254;CTCP Phát triển khu công nghiệp Tín Nghĩa;3600964611;HOSE;TIP
1255;CTCP Gang Thép Thái Nguyên;4600100155;UPCOM;TIS
1256;CTCP SXKD XNK DV và DT Tân Bình (Tanimex);0301464904;HOSE;TIX
1257;CTCP Dịch vụ vận tải và thương mại;0200387594;HNX;TJC
1258;CÔNG TY CỔ PHẦN BAO BÌ TÂN KHÁNH AN;2900741212;UPCOM;TKA
1259;Công ty Cổ phần Xây dựng và Kinh doanh Địa ốc Tân Kỷ;0301725747;UPCOM;TKC
1260;CTCP Công nghiệp Tung Kuang;3600254361;HNX;TKU
1261;Tổng Công ty xây dựng Thủy lợi 4 - CTCP;0300546537;UPCOM;TL4
1262;Công ty cổ phần Viễn thông Thăng Long;0500447117;Chưa niêm yết và chưa Upcom;TLC
1263;CTCP Đầu tư xây dựng và phát triển đô thị Thăng Long;0500383583;HOSE;TLD
1264;CTCP Tập đoàn Thiên Long;0301464830;HOSE;TLG
1265;CTCP Tập đoàn Thép Tiến Lên;3600512830;HOSE;TLH
1266;Công Ty Cổ Phần May Quốc Tế Thắng Lợi;0305132089;UPCOM;TLI
1267;Tổng công ty Thương mại Xuất Nhập khẩu Thanh Lễ - CTCP;3700146458;UPCOM;TLP
1268;CTCP Viglacera Thăng Long;2500224026;UPCOM;TLT
1269;CÔNG TY CỔ PHẦN KINH DOANH THAN MIỀN BẮC- VINACOMIN;0100100689;HNX;TMB
1270;CTCP TM XNK Thủ Đức;0301444626;HNX;TMC
1271;CTCP Kim loại màu Thái Nguyên - Vimico;4600100003;UPCOM;TMG
1272;CTCP Thủy điện Thác Mơ;3800311306;HOSE;TMP
1273;Công Ty Cổ Phần Transimex;0301874259;HOSE;TMS
1274;CÔNG TY CỔ PHẦN Ô TÔ TMT;0100104563;HOSE;TMT
1275;CTCP Tổng hợp Gỗ Tân Mai;3600254266;UPCOM;TMW
1276;CTCP Vicem Thương mại xi măng;0100105694;UPCOM;TMX
1277;Công ty Cổ phần ROX Key Holdings;0106673358;HOSE;TN1
1278;Công ty cổ phần TM-XNK Thiên Nam;0301172041;UPCOM;TNA
1279;CTCP Thép Nhà Bè - VNSTEEL;0305393838;UPCOM;TNB
1280;Công ty Cổ phần Cao su Thống Nhất;3500100424;HOSE;TNC
1281;CTCP Đầu tư và Thương mại TNG;4600305723;HNX;TNG
1282;CTCP Tập đoàn bệnh viện TNH;4601039023;HOSE;TNH
1283;Công ty Cổ phần Tập đoàn Thành Nam;0101515686;HOSE;TNI
1284;CTCP XNK và Xây dựng công trình (Tranimexco);0301127673;UPCOM;TNM
1285;Công ty cổ phần Cảng Thị Nại;4100259282;UPCOM;TNP
1286;Công Ty Cổ Phần Thép Tấm Lá Thống Nhất;3500820408;UPCOM;TNS
1287;Công ty Cổ phần Tập đoàn TNT;0101881347;HOSE;TNT
1288;CTCP Nước sạch Thái Nguyên;4600100109;UPCOM;TNW
1289;CTCP Phân phối Top One;0106121967;UPCOM;TOP
1290;CTCP Dịch vụ biển Tân Cảng;0311638652;UPCOM;TOS
1291;Công ty Cổ phần Transimex Logistics;0307821849;HNX;TOT
1292;Công ty Cổ phần Cấp nước Trà Nóc - Ô Môn;1801548417;UPCOM;TOW
1293;Ngân hàng TMCP Tiên Phong;0102744865;HOSE;TPB
1294;CTCP Nhựa Tân Đại Hưng;0302760102;HOSE;TPC
1295;CTCP Tân Phú Việt Nam;0303640880;HNX;TPP
1296;Công ty Cổ phần Bến bãi Vận tải Sài Gòn;0301114089;UPCOM;TPS
1297;Công ty cổ phần THông Quảng Ninh;5700478344;UPCOM;TQN
1298;Công ty Cổ phần Cấp thoát nước Tuyên Quang;5000126040;UPCOM;TQW
1299;CTCP Vận tải 1 TRACO;0200380768;UPCOM;TR1
1300;Công ty Cổ phần Traphaco;0100108656;HOSE;TRA
1301;CTCP Cao su Tây Ninh;3900242776;HOSE;TRC
1302;CÔNG TY CỔ PHẦN VẬN TẢI VÀ DỊCH VỤ HÀNG HẢI;0304184415;UPCOM;TRS
1303;Công ty cổ phần RedstarCera;0800064718;UPCOM;TRT
1304;Công ty cổ phần Vận tải Đường sắt;0110879376;UPCOM;TRV
1305;Công ty cổ phần Trường Sơn 532;0401524441;UPCOM;TS3
1306;CÔNG TY CỔ PHẦN ĐẦU TƯ VÀ XÂY LẮP TRƯỜNG SƠN;0700210210;HOSE;TSA
1307;CTCP Ắc quy Tia Sáng;0200168458;HNX;TSB
1308;CTCP Vật tư Kỹ thuật Nông nghiệp Cần Thơ;1800518314;HOSE;TSC
1309;CTCP Du lịch Trường Sơn Coecco;2900793002;UPCOM;TSD
1310;CTCP Thông tin tín hiệu đường sắt Sài Gòn;0301097524;UPCOM;TSG
1311;Công ty Cổ phần Du lịch Dịch vụ Hà Nội;0100107155;UPCOM;TSJ
1312;CTCP Dịch vụ kỹ thuật viễn thông (TST);0101334129;UPCOM;TST
1313;CTCP Tập đoàn Tiến Thịnh;6300254045;UPCOM;TT6
1314;CTCP Đầu tư xây dựng và Phát triển Trường Thành;0102899812;HOSE;TTA
1315;CTCP Tập đoàn Tiến bộ;4600359768;UPCOM;TTB
1316;CTCP Gạch Men Thanh Thanh;3600665643;HNX;TTC
1317;CTCP Bệnh viện Tim Tâm Đức;0302668322;UPCOM;TTD
1318;CTCP Đầu tư năng lượng Trường Thịnh;6101177237;HOSE;TTE
1319;Công ty Cổ phần Tập đoàn kỹ nghệ gỗ Trường Thành;3700530696;HOSE;TTF
1320;Công ty cổ phần may Thanh Trì;0102737811;UPCOM;TTG
1321;CTCP Thương mại và Dịch vụ Tiến Thành;0100596523;HNX;TTH
1322;Tổng công ty Thăng Long-CTCP;0100105020;HNX;TTL
1323;Công ty Cổ phần Công nghệ & Truyền thông Việt Nam;3700861497;UPCOM;TTN
1324;CTCP Cán thép Thái Trung;4600451322;UPCOM;TTS
1325;CÔNG TY CỔ PHẦN DU LỊCH - THƯƠNG MẠI TÂY NINH;3900244068;HNX;TTT
1326;CTCP Đầu tư Xây dựng và Công nghệ Tiến Trung;1000332857;UPCOM;TTZ
1327;Công ty cổ phần Lai dắt và Vận tải Cảng Hải Phòng;0201040588;UPCOM;TUG
1328;Công ty cổ phần Tư vấn xây dựng điện 1;0100100953;UPCOM;TV1
1329;Công ty Cổ phần Tư vấn Xây dựng Điện 2;0300420157;HOSE;TV2
1330;CTCP Tư vấn xây dựng điện 3;0301475102;HNX;TV3
1331;CTCP Tư vấn xây dựng Điện 4;4200385474;HNX;TV4
1332;Công ty cổ phần Tập đoàn EMA LAND;0600446389;UPCOM;TV6
1333;Công ty Cổ phần Sứ Viglacera Thanh Trì;0100107557;UPCOM;TVA
1334;CTCP Tập đoàn Quản lý Tài sản T-Corp;0106065776;HNX;TVC
1335;CTCP Than Vàng Danh - Vinacomin;5700101877;HNX;TVD
1336;CTCP Tư vấn Đầu tư và Xây dựng Giao thông Vận Tải;0100104570;UPCOM;TVG
1337;CTCP Tư vấn Xây dựng công trình Hàng hải;0200119411;UPCOM;TVH
1338;CTCP Tư vấn đầu tư mỏ và công nghiệp - Vinacomin;0500237543;UPCOM;TVM
1339;Tổng Công ty Thép Việt Nam-CTCP;0100100047;UPCOM;TVN
1340;Tổng công ty Việt Thắng - CTCP;0301445210;HOSE;TVT
1341;Công ty cổ phần Dược Trung ương 3;0400102077;UPCOM;TW3
1342;CTCP Vicem Thạch cao xi măng;3300101300;HNX;TXM
1343;CTCP Dây và Cáp điện Taya Việt Nam;3600241468;HOSE;TYA
1344;Công ty Cổ phần Đô thị Cần Thơ;1800271113;UPCOM;UCT
1345;CTCP Đầu tư xây dựng UDCons;3500101308;UPCOM;UDC
1346;CTCP Phát triển đô thị;3700785535;UPCOM;UDJ
1347;CTCP Đô thị và Môi trường Đắk Lắk;6000179936;UPCOM;UDL
1348;CTCP Cơ điện Uông Bí - Vinacomin;5700526340;UPCOM;UEM
1349;CTCP Đầu tư phát triển nhà và đô thị IDICO;3600486108;HOSE;UIC
1350;CTCP Công trình đô thị Nam Định;0600001446;UPCOM;UMC
1351;CTCP Đầu tư và Phát triển Sao Mai (tên cũ CTCP Viễn Liên);0301401291;HNX;UNI
1352;CÔNG TY CỔ PHẦN PHÁT TRIỂN CÔNG VIÊN CÂY XANH & ĐÔ THỊ VŨNG TÀU;3500144358;UPCOM;UPC
1353;CTCP Dược phẩm TW 25;0300468511;UPCOM;UPH
1354;CTCP Khảo sát và xây dựng - USCO;0100107123;UPCOM;USC
1355;CTCP Công trình đô thị Sóc Trăng;2200177456;UPCOM;USD
1356;CTCP Chế biến Thủy sản Út Xi;2200203836;UPCOM;UXC
1357;CTCP Xây dựng số 11;0800281102;UPCOM;V11
1358;CTCP Xây dựng số 12;0101446753;HNX;V12
1359;CTCP Vinaconex 21;0500236902;HNX;V21
1360;Ngân hàng TMCP Việt Á;0302963695;UPCOM;VAB
1361;CTCP Phân lân nung chảy Văn Điển;0100103143;HOSE;VAF
1362;Công ty cổ phần VIWACO;0101624050;UPCOM;VAV
1363;Ngân hàng TMCP Việt Nam Thương Tín;2200269805;UPCOM;VBB
1364;CTCP Nhựa bao bì Vinh;2900531222;HNX;VBC
1365;CTCP Địa chất Việt Bắc - TKV;0104944595;UPCOM;VBG
1366;CTCP Điện tử Bình Hòa;0303207317;UPCOM;VBH
1367;CTCP Xây dựng Số 1;0100105479;HNX;VC1
1368;CTCP Đầu tư và Xây dựng Vina2;0100105895;HNX;VC2
1369;Công ty cổ phần Tập đoàn Nam Mê Kông;0101311837;HNX;VC3
1370;CTCP Xây dựng số 5;2800233984;UPCOM;VC5
1371;CTCP Xây dựng và Đầu tư Visicons;0100105503;HNX;VC6
1372;Công ty Cổ phần Tập đoàn BGI;0100105743;HNX;VC7
1373;CÔNG TY CỔ PHẦN XÂY DỰNG SỐ 9 – VC9;0101051096;HNX;VC9
1374;CÔNG TY CỔ PHẦN THÉP VICASA - VNSTEEL;3600961762;HOSE;VCA
1375;Ngân hàng TMCP Ngoại thương Việt Nam;0100112437;HOSE;VCB
1376;CTCP Vinaconex 25;4000378261;HNX;VCC
1377;CTCP Xây lắp Môi trường;6400308865;UPCOM;VCE
1378;CTCP Vinacafe Biên Hòa;3600261626;HOSE;VCF
1379;Tổng CTCP Xuất nhập khẩu và Xây dựng Việt Nam (Vinaconex);0100105616;HOSE;VCG
1380;CTCP BV Life;0102234864;HNX;VCM
1381;Công ty Cổ phần Đầu tư VCN;4200644489;Chưa niêm yết và chưa Upcom;VCN
1382;CTCP Xây Dựng và Năng lượng VCP;2800799804;UPCOM;VCP
1383;Công ty CP Đầu tư và Phát triển Du lịch VINACONEX;0102675516;UPCOM;VCR
1384;CTCP VICOSTONE;0500469512;HNX;VCS
1385;CTCP Tư vấn Xây dựng Vinaconex;0101445446;UPCOM;VCT
1386;CÔNG TY CỔ PHẦN ĐẦU TƯ NƯỚC SẠCH SÔNG ĐÀ;5400310164;UPCOM;VCW
1387;CÔNG TY CỔ PHẦN XI MĂNG YÊN BÌNH;5200213597;UPCOM;VCX
1388;Công ty cổ phần Vận tải và Chế biến Than Đông Bắc;5701650781;UPCOM;VDB
1389;Công ty cổ phần Vạn Đạt Group;0315858232;UPCOM;VDG
1390;Công ty cổ phần Thực phẩm Lâm Đồng;5800408245;HNX;VDL
1391;CTCP Vinatex Đà Nẵng;0400410498;UPCOM;VDN
1392;CTCP Dược phẩm TW VIDIPHA;0300470246;HOSE;VDP
1393;CTCP LƯỚI THÉP BÌNH TÂY;0303357746;UPCOM;VDT
1394;CTCP xây dựng điện VNECO1;0400447064;HNX;VE1
1395;CTCP Xây dựng điện VNECO 2;2900559122;UPCOM;VE2
1396;CTCP Xây dựng điện Vneco 3;2900576216;HNX;VE3
1397;CTCP Xây dựng điện VNECO4;2900574674;HNX;VE4
1398;CTCP Xây dựng điện VNECO 8;6000442866;HNX;VE8
1399;CTCP Đầu tư và Xây dựng VNECO 9;4200580651;UPCOM;VE9
1400;Tổng công ty Máy động lực và Máy nông nghiệp Việt Nam - CTCP;0100103866;UPCOM;VEA
1401;Tổng CTCP Điện tử và Tin học Việt Nam;0100103351;UPCOM;VEC
1402;CTCP Trung tâm hội chợ triển lãm Việt Nam;0100111472;UPCOM;VEF
1403;CTCP Đầu tư và Xây dựng điện Mêca Vneco;0303245217;UPCOM;VES
1404;CÔNG TY CỔ PHẦN THUỐC THÚ Y TRUNG ƯƠNG NAVETCO;0300600417;UPCOM;VET
1405;CTCP Vinafco;0100108504;UPCOM;VFC
1406;CTCP Khử trùng Việt Nam;0302327629;HOSE;VFG
1407;Công ty CP Vận tải và Thuê tàu;0100105937;UPCOM;VFR
1408;Tổng công ty Viglacera - CTCP;0100108173;HOSE;VGC
1409;Tổng CTCP May Việt Tiến;0300401524;UPCOM;VGG
1410;Tổng Công ty CP Đầu tư Quốc tế Viettel;0102409426;UPCOM;VGI
1411;Công ty cổ phần Mạ kẽm công nghiệp Vingal - Vnsteel;3600239028;UPCOM;VGL
1412;CTCP Cảng Rau quả;0302336158;HNX;VGP
1413;CTCP Cảng xanh VIP;0201579242;UPCOM;VGR
1414;CTCP Ống thép Việt Đức VGPIPE;2500267703;HNX;VGS
1415;Tập đoàn Dệt May Việt Nam;0100100008;UPCOM;VGT
1416;Tổng công ty tư vấn xây dựng Việt Nam - CTCP;0100105278;UPCOM;VGV
1417;CTCP Vĩnh Hoàn;1400112623;HOSE;VHC
1418;CTCP Đầu tư phát triển nhà và đô thị Vinahud (tên cũ CTCP Đầu tư phát triển nhà và đô thị Vinaconex);0102294285;UPCOM;VHD
1419;CTCP Dược liệu và thực phẩm Việt Nam;0107409148;HNX;VHE
1420;CTCP Xây dựng và Chế biến Lương thực Vĩnh Hà;0100102830;UPCOM;VHF
1421;CTCP Đầu tư và Phát triển Việt Trung Nam;4000386181;UPCOM;VHG
1422;CTCP Đầu tư Kinh doanh Nhà Thành Đạt;3300365310;UPCOM;VHH
1423;CTCP Kinh doanh và Đầu tư Việt Hà;0100103721;;VHI
1424;CTCP Viglacera Hạ Long;5700101147;HNX;VHL
1425;Công ty Cổ phần VINHOMES;0102671977;HOSE;VHM
1426;Ngân hàng TMCP Quốc Tế Việt Nam;0100233488;HOSE;VIB
1427;Tập đoàn Vingroup - CTCP;0101245486;HOSE;VIC
1428;CTCP Đầu Tư Phát Triển Thương Mại Viễn Đông;0300377536;HOSE;VID
1429;CTCP Công nghệ Viễn Thông VITECO;0100686181;UPCOM;VIE
1430;Tổng công ty Lâm nghiệp Việt Nam - CTCP;0100102012;HNX;VIF
1431;Công ty cổ phần Viglacera Hà Nội;0100774247;UPCOM;VIH
1432;CTCP Khoáng sản Viglacera;5200284005;UPCOM;VIM
1433;CTCP Giao nhận Kho vận Ngoại thương Việt Nam;0300648264;UPCOM;VIN
1434;CTCP Vận tải xăng dầu VIPCO;0200113152;HOSE;VIP
1435;Công ty Cổ phần Du lịch Quốc tế Vũng Tàu;3500833679;UPCOM;VIR
1436;Công ty Cổ phần Viglacera Tiên Sơn;2300317851;HNX;VIT
1437;Tổng công ty Đầu tư Nước và Môi trường Việt Nam - CTCP;0100105976;UPCOM;VIW
1438;CTCP Hàng không VietJet;0102325399;HOSE;VJC
1439;CTCP VKC HOLDINGS;3700510650;UPCOM;VKC
1440;CTCP Nhựa Tân Hóa;0300627056;UPCOM;VKP
1441;Công ty Cổ phần Đầu tư và Phát triển Công nghệ Văn Lang;0102459018;HNX;VLA
1442;CTCP Xây dựng và Sản xuất vật liệu xây dựng Biên Hòa;3600275107;UPCOM;VLB
1443;Tổng Công ty chăn nuôi Việt Nam - CTCP;0100104443;UPCOM;VLC
1444;CTCP Lương thực Thực Phẩm Vĩnh Long;1500170900;UPCOM;VLF
1445;Công ty cổ phần VIMC Logistics;0102345275;UPCOM;VLG
1446;CÔNG TY CỔ PHẦN CÔNG TRÌNH CÔNG CỘNG VĨNH LONG;1500169888;UPCOM;VLP
1447;CTCP Cấp nước Vĩnh Long;1500174831;UPCOM;VLW
1448;CTCP Công nghiệp ôtô - Vinacomin;5700353722;UPCOM;VMA
1449;Công ty Cổ phần Vimeco;0101338571;HNX;VMC
1450;Công ty cổ phần Y Dược phẩm Vimedimex;0300479760;HOSE;VMD
1451;CTCP Thương mại và Dịch vụ Dầu khí Vũng Tàu;3500755050;UPCOM;VMG
1452;Công ty Cổ phần Vimarko;0108720772;UPCOM;VMK
1453;CTCP Phát triển Hàng hải;0200580975;HNX;VMS
1454;CTCP Giao nhận Vận tải Miền Trung;0400426836;UPCOM;VMT
1455;CTCP Vận Tải Biển Vinaship;0200119965;UPCOM;VNA
1456;CTCP Sách Việt Nam;0100109829;UPCOM;VNB
1457;CTCP Tập đoàn Vinacontrol;0100107772;HNX;VNC
1458;Tổng CTCP Xây Dựng Điện Việt Nam;0400101450;HOSE;VNE
1459;CÔNG TY CP VINAFREIGHT;0302511219;HNX;VNF
1460;Công ty Cổ phần Du lịch Thành Thành Công;3500753423;HOSE;VNG
1461;CTCP Đầu tư Việt Việt Nhật;0302207804;UPCOM;VNH
1462;Công ty Cổ phần Đầu tư Bất động sản Việt Nam;0304867926;UPCOM;VNI
1463;CÔNG TY CP LOGISTICS VINALINK;0301776205;HOSE;VNL
1464;CÔNG TY CỔ PHẦN SỮA VIỆT NAM;0300588569;HOSE;VNM
1465;Công ty cổ phần Nhựa Việt Nam;0300381966;UPCOM;VNP
1466;Tổng CTCP Tái bảo hiểm quốc gia Việt Nam;28GP/KDBH;HNX;VNR
1467;CTCP Ánh Dương Việt Nam;0302035520;HOSE;VNS
1468;CTCP Giao nhận Vận tải Ngoại thương;0101352858;HNX;VNT
1469;Công ty Cổ phần Quảng cáo và Hội chợ thương mại Vinexad;0100108007;UPCOM;VNX
1470;Công ty Cổ phần Thuốc thú y Trung ương I;0100102326;UPCOM;VNY
1471;CÔNG TY CỔ PHẦN VNG;0303490096;UPCOM;VNZ
1472;Tổng công ty Công nghiệp Dầu thực vật Việt Nam-CTCP (Vocarimex);0300585984;UPCOM;VOC
1473;CTCP Vận tải biển Việt Nam;0200106490;HOSE;VOS
1474;CTCP Vận tải hóa dầu VP;0200809454;UPCOM;VPA
1475;Ngân hàng TMCP Việt Nam Thịnh Vượng;0100233583;HOSE;VPB
1476;CTCP Đầu tư và Phát triển năng lượng Việt Nam;0101601945;UPCOM;VPC
1477;CTCP Phát triển Điện lực Việt Nam;0101264520;HOSE;VPD
1478;CTCP Đầu tư Thương mại Xuất nhập khẩu Việt Phát;0200826844;HOSE;VPG
1479;CTCP Vạn Phát Hưng;0301822194;HOSE;VPH
1480;CTCP Đầu tư Văn Phú - Invest (CTCP Phát triển Bất động sản Văn Phú);0102702590;HOSE;VPI
1481;CÔNG TY CỔ PHẦN VINPEARL;4200456848;HOSE;VPL
1482;Công ty cổ phần VINAPRINT;0301306457;UPCOM;VPR
1483;CTCP Thuốc sát trùng Việt Nam;0300408946;HOSE;VPS
1484;CTCP Cấp thoát nước số I Vĩnh Phúc;2500155742;UPCOM;VPW
1485;Công ty Cổ phần Giám định - Vinacomin;5700100552;UPCOM;VQC
1486;Công Ty Cổ Phần Bất động sản và Đầu tư VRC;3500101523;HOSE;VRC
1487;CTCP Vincom Retail;0105850244;HOSE;VRE
1488;CTCP Phát triển đô thị và KCN cao su Việt Nam (Vinaruco);0800300443;UPCOM;VRG
1489;CTCP Đại lý hàng hải Việt Nam;0300437898;HNX;VSA
1490;CTCP Container Việt Nam;0200453688;HOSE;VSC
1491;CTCP Dịch vụ Đường cao tốc Việt Nam;0102680481;UPCOM;VSE
1492;Tổng công ty Lương thực Miền Nam - CTCP;0300613198;UPCOM;VSF
1493;Công ty Cổ Phần Container Phía Nam;0301872364;UPCOM;VSG
1494;CTCP Thủy điện Vĩnh Sơn-Sông Hinh;4100562786;HOSE;VSH
1495;CTCP Đầu tư và Xây dựng Cấp thoát nước;0300393538;HOSE;VSI
1496;CTCP Container miền Trung;0400424349;HNX;VSM
1497;CTCP Việt Nam Kỹ nghệ Súc sản;0300105356;UPCOM;VSN
1498;CTCP Vận tải và Thuê tàu biển Việt Nam;0300448709;UPCOM;VST
1499;CTCP VITALY;0300398078;UPCOM;VTA
1500;CÔNG TY CỔ PHẦN VIETTRONICS TÂN BÌNH;0300391837;HOSE;VTB
1501;CTCP Viễn Thông VTC;0301888195;HNX;VTC
1502;CÔNG TY CỔ PHẦN VIETOURIST HOLDINGS;0311273634;UPCOM;VTD
1503;CTCP Vinacap Kim Long;0102306413;UPCOM;VTE
1504;Công ty Cổ phần Du lịch tỉnh Bà Rịa Vũng Tàu;3500101812;UPCOM;VTG
1505;Công ty Cổ phần Dây cáp điện Việt Thái;3600751476;HNX;VTH
1506;CTCP Sản xuất - XNK dệt may;0102405830;UPCOM;VTI
1507;CÔNG TY CỔ PHẦN THƯƠNG MẠI VÀ ĐẦU TƯ VI NA TA BA;0305020995;HNX;VTJ
1508;CÔNG TY CỔ PHẦN TƯ VẤN VÀ DỊCH VỤ VIETTEL;0100109106-075;UPCOM;VTK
1509;CTCP Vận tải và đưa đón thợ mỏ - Vinacomin;5700477326;UPCOM;VTM
1510;CTCP Vận tải xăng dầu VITACO;0300545501;HOSE;VTO
1511;Tổng Công ty Cổ phần Bưu chính Viettel;0104093672;HOSE;VTP
1512;Công ty cổ phần Việt Trung Quảng Bình;3100114493;UPCOM;VTQ
1513;CTCP Du lịch và Tiếp thị Giao thông Vận tải Việt Nam - Vietravel;0300465937;UPCOM;VTR
1514;CTCP Gạch ngói Từ Sơn;2300101958;UPCOM;VTS
1515;Công ty Cổ phần Năng lượng và Môi trường VICEM (tên cũ CTCP Vicem Vật tư vận tải xi măng);0100106352;HNX;VTV
1516;Công ty Cổ phần Vận tải đa phương thức Vietranstimex;0400101901;UPCOM;VTX
1517;CTCP Sản xuất và Thương mại nhựa Việt Thành;0310710930;HNX;VTZ
1518;Tổng CTCP Xây dựng công nghiệp Việt Nam;0100779365;UPCOM;VVN
1519;CTCP Đầu tư phát triển Máy Việt Nam;0104498100;HOSE;VVS
1520;CTCP Viwaseen 3;0102133351;UPCOM;VW3
1521;Công ty Cổ phần Nước và Môi trường Việt Nam;0100104972;UPCOM;VWS
1522;CTCP Vật liệu xây dựng Bến Tre;1300108704;UPCOM;VXB
1523;CTCP Thuốc Thú y Trung ương VETVACO;0500237656;UPCOM;VXP
1524;CTCP Kho vận và dịch vụ thương mại;0100107691;UPCOM;VXT
1525;CTCP Bến xe miền Tây;0301121128;HNX;WCS
1526;Công ty Cổ phần Bia Sài Gòn - Miền Tây;1800586579;UPCOM;WSB
1527;CTCP Vận tải thủy - VINACOMIN;5700647458;UPCOM;WTC
1528;CTCP X20;0100109339;HNX;X20
1529;Công ty cổ phần 26;0100108818;UPCOM;X26
1530;CTCP Thành An 77;0700100257;UPCOM;X77
1531;Công ty Cổ phần Đầu tư Xây dựng Dân dụng Hà Nội;0100105380;UPCOM;XDH
1532;CTCP Xuân Hòa Việt Nam;2500161922;UPCOM;XHC
1533;CTCP Xây lắp và Dịch Vụ Sông Đà;0104285261;UPCOM;XLV
1534;Công ty cổ phần Đầu tư và Xây dựng Xuân Mai;0500443916;UPCOM;XMC
1535;CTCP Xuân Mai - Đạo Tú;2500302820;UPCOM;XMD
1536;CTCP Thủy điện Xuân Minh;04112020092714;UPCOM;XMP
1537;Công ty cổ phần Xà phòng Hà Nội;0100100311;UPCOM;XPH
1538;CTCP Xi măng và Khoáng sản Yên Bái;5200216647;UPCOM;YBC
1539;CTCP Khoáng sản Công nghiệp Yên Bái;5200824701;HOSE;YBM
1540;CTCP Tập đoàn Yeah1;0304592171;HOSE;YEG
1541;Công ty Cổ phần Xuất nhập khẩu Y tế TP.Hồ Chí Minh;0302366480;UPCOM;YTC
1542;CTCP Xây dựng Cầu 75 - Cienco8;2900324829;Chưa niêm yết và chưa Upcom;
1543;CTCP Dược phẩm Nam Hà;0600206147;Chưa niêm yết và chưa Upcom;
1544;CTCP Đầu tư Phát triển Gia Định;0305141929;Chưa niêm yết và chưa Upcom;
1545;Công ty cổ phần Dược phẩm Vĩnh Phúc - Vinphaco;2500228415;Chưa niêm yết và chưa Upcom;
1546;Công ty Cổ phần Nha Trang Seafoods - F17;4200567428;Chưa niêm yết và chưa Upcom;
1547;CTCP đầu tư và thương mại Hàng hải Hải Phòng;0200770422;Chưa niêm yết và chưa Upcom;
1548;CTCP Xuất nhập khẩu Nông sản thực phẩm Cà Mau;2000101442;Chưa niêm yết và chưa Upcom;
1549;Ngân hàng TMCP Đại chúng Việt Nam;0101057919;Chưa niêm yết và chưa Upcom;
1550;CTCP Pin ắc quy Vĩnh Phú;2600107968;Chưa niêm yết và chưa Upcom;
1551;CTCP Du lịch xanh Nghệ An - Vneco;2900576978;Chưa niêm yết và chưa Upcom;
1552;CTCP Dược phẩm Thiết bị y tế Hà Nội (Hapharco);0100109699;Chưa niêm yết và chưa Upcom;
1553;Công ty cổ phần May Sài Gòn 2;0302489669;Chưa niêm yết và chưa Upcom;
1554;CTCP Xây dựng và Thương mại 423;2900324586;Chưa niêm yết và chưa Upcom;
1555;CTCP Xuất khẩu nông sản Ninh Thuận;4500213606;Chưa niêm yết và chưa Upcom;
1556;Công ty Cổ Phần Cà phê Khe Sanh;3200193146;Chưa niêm yết và chưa Upcom;
1557;CTCP Xi măng Bắc Giang;2400125180;Chưa niêm yết và chưa Upcom;
1558;Ngân hàng TMCP Bảo Việt;0103126572;Chưa niêm yết và chưa Upcom;
1559;CTCP Vận tải thủy số 3;0200105514;Chưa niêm yết và chưa Upcom;
1560;CTCP Bệnh viện Đa khoa tư nhân Triều An;0301765901;Chưa niêm yết và chưa Upcom;
1561;CTCP Công nghiệp tàu thủy và xây dựng Nam Triệu;0200728188;Chưa niêm yết và chưa Upcom;
1562;CTCP Đầu tư Phan Vũ;0302217087;Chưa niêm yết và chưa Upcom;
1563;Công Ty Cổ Phần An Phú;0303481045;Chưa niêm yết và chưa Upcom;
1564;CTCP Dệt Vĩnh Phú;2600107485;Chưa niêm yết và chưa Upcom;
1565;Công Ty Cổ Phần Vinaconex Sài Gòn;0303156197;Chưa niêm yết và chưa Upcom;
1566;CTCP Cơ Khí Điện Lữ Gia;0312913661;Chưa niêm yết và chưa Upcom;
1567;CÔNG TY CỔ PHẦN XÂY DỰNG SỐ 9.1;2900601092;Chưa niêm yết và chưa Upcom;
1568;Công ty Cổ phần Dệt Hòa Khánh - Đà Nẵng;0400100489;Chưa niêm yết và chưa Upcom;
1569;CTCP XNK Hàng Tiểu thủ công nghiệp Sài Gòn;0302565863;Chưa niêm yết và chưa Upcom;
1570;CTCP Đồng Tiến;3600259810;Chưa niêm yết và chưa Upcom;
1571;CTCP Đầu tư tài chính, thương mại dịch vụ FICO;0102290682;Chưa niêm yết và chưa Upcom;
1572;CTCP Dịch vụ Bưu chính viễn thông Sài Gòn;0300849034;Chưa niêm yết và chưa Upcom;
1573;CTCP Đầu tư và Bê tông Thịnh Liệt;0100105334;Chưa niêm yết và chưa Upcom;
1574;CTCP Vina Food I Hải Dương;0800376668;Chưa niêm yết và chưa Upcom;
1575;CTCP CTCBIO Việt Nam;0305309836;Chưa niêm yết và chưa Upcom;
1576;CTCP Thủy Sản Việt Úc;3400322504;Chưa niêm yết và chưa Upcom;
1577;CTCP Dược - Trang thiết bị y tế Tân Phát;0101394618;Chưa niêm yết và chưa Upcom;
1578;CTCP Xây dựng và Thương mại Hoàng Ngân Sơn;0200737898;Chưa niêm yết và chưa Upcom;
1579;CTCP Gold Sea Việt Nam;0106368185;Chưa niêm yết và chưa Upcom;
1580;CTCP Sản xuất - xuất nhập khẩu Ninh Bình;2700224383;Chưa niêm yết và chưa Upcom;
1581;Công ty cổ phần Tập đoàn Dược Bảo Châu;5100425051;Chưa niêm yết và chưa Upcom;
1582;CTCP Xây lắp Hải Long;0200372213;Chưa niêm yết và chưa Upcom;
1583;CTCP Xây lắp điện Tuy Phước Bình Định;4100258916;Chưa niêm yết và chưa Upcom;
1584;Công ty TNHH Khai thác chế biến khoáng sản Núi Pháo;4600864513;Tổ chức phát hành trái phiếu;
1585;CTCP Vipaco;0101858299;Chưa niêm yết và chưa Upcom;
1586;CTCP Vật liệu xây dựng 720;1800493606;Chưa niêm yết và chưa Upcom;
1587;CTCP Đầu tư và Xây dựng số 14;0300406346;Chưa niêm yết và chưa Upcom;
1588;CTCP Nông nghiệp Dinh dưỡng Quốc tế;3600618918;;
1589;CTCP Bia Hà Nội - Hưng Yên 89;0900270055;HNX;
1590;Công Ty CP XNK Bình Định;4100259797;Chưa niêm yết và chưa Upcom;
1591;CTCP Xây dựng số 2;0101518648;Chưa niêm yết và chưa Upcom;
1592;Ngân hàng Nông nghiệp và Phát triển Nông thôn Việt Nam;0100686174;Tổ chức phát hành trái phiếu;
1593;CTCP Sản xuất Thép Việt Long;0700832042;Chưa niêm yết và chưa Upcom;
1594;CTCP Test GSĐC;0987654321;HNX;
1595;CTCP kinh doanh test;1112131415;;
1596;CTCP Vận Tải Bảo Thắng;5300808206;Chưa niêm yết và chưa Upcom;
1597;Công ty cổ phần Tập đoàn CNCTech;0106839469;Chưa niêm yết và chưa Upcom;
1598;Công ty cổ phần Global Tanker;0315118069;Chưa niêm yết và chưa Upcom;
1599;CTCP Tập đoàn GDC;0106185350;;
1600;Công ty cổ phần Hạ tầng GELEX;0107652657;HOSE;
1601;Công ty cổ phần Logistics U&I;3700492666;Chưa niêm yết và chưa Upcom;
1602;CTCP Nhựa y tế Mediplast;0100816881;Chưa niêm yết và chưa Upcom;
1603;CTCP Xuất nhập khẩu Tổng hợp II;0301184833;Chưa niêm yết và chưa Upcom;
1604;CTCP Mỹ thuật Trung ương;0100111338;Chưa niêm yết và chưa Upcom;
1605;CTCP Vạn Khởi Thành;0102380512;Chưa niêm yết và chưa Upcom;
1606;Công ty Cổ Phần Tập đoàn Golden Gate;0102721191;Chưa niêm yết và chưa Upcom;
1607;Công ty Cổ phần Khóa Việt - Tiệp;0100100537;Chưa niêm yết và chưa Upcom;
1608;CTCP Seoul Metal Việt Nam;2300323118;Chưa niêm yết và chưa Upcom;
1609;CTCP Ê đen;0301023459;Chưa niêm yết và chưa Upcom;
1610;CTCP Công nghệ Sinh học Dược phẩm ICA;3700335511;Chưa niêm yết và chưa Upcom;
1611;Công ty cổ phần Thiết bị Cơ điện và Xây dựng;0100102132;Chưa niêm yết và chưa Upcom;
1612;CTCP Đầu tư và Kinh doanh Bất động sản;3700635875;Chưa niêm yết và chưa Upcom;
1613;CTCP Xây dựng giao thông thủy lợi Kiên Giang;1700111596;Chưa niêm yết và chưa Upcom;
1614;CTCP Mía đường Sơn Dương;5000122053;Chưa niêm yết và chưa Upcom;
1615;CÔNG TY CỔ PHẦN XE LỬA GIA LÂM;0106739760;Chưa niêm yết và chưa Upcom;
1616;CTCP CAVICO Xây dựng Hạ tầng;0100983508-007;Chưa niêm yết và chưa Upcom;
1617;CTCP Đầu tư và Phát triển văn hóa Việt Nam;9999999;Chưa niêm yết và chưa Upcom;
1618;CTCP Đầu tư và phát triển giáo dục HUDECO;0103018918;Chưa niêm yết và chưa Upcom;
1619;Công ty cổ phần Khánh Tân;4200649092;Chưa niêm yết và chưa Upcom;
1620;CTCP Thủy sản Minh Hải;1900264511;Chưa niêm yết và chưa Upcom;
1621;CTCP Xuất nhập khẩu Bắc Giang;2400110949;Chưa niêm yết và chưa Upcom;
1622;CTCP Xây dựng công trình 484;2900383729;Chưa niêm yết và chưa Upcom;
1623;CTCP Xây lắp dầu khí Hà Nội;0104264494;Chưa niêm yết và chưa Upcom;
1624;CTCP Xây dựng thủy lợi 42;3700505019;Chưa niêm yết và chưa Upcom;
1625;CTCP Giấy Lam Sơn Thanh Hóa;2800228769;Chưa niêm yết và chưa Upcom;
1626;CTCP CAVICO Giao Thông;0100983508-005;Chưa niêm yết và chưa Upcom;
1627;CTCP Sông Đà - Đất Vàng;3500821948;Chưa niêm yết và chưa Upcom;
1628;CTCP Tập đoàn An Bình;2400801230;Chưa niêm yết và chưa Upcom;
1629;CTCP Đầu tư và Xây dựng Cotec;0303580769;Chưa niêm yết và chưa Upcom;
1630;CTCP Đầu tư Hợp tác kinh tế Việt Lào;2900329418;Chưa niêm yết và chưa Upcom;
1631;CTCP Đúc Tân Long;0200570945;Chưa niêm yết và chưa Upcom;
1632;CTCP Cung ứng Tàu biển Hải Phòng;0200118111;Chưa niêm yết và chưa Upcom;
1633;CTCP Chế biến thực phẩm Sông Hậu;1800572706;Chưa niêm yết và chưa Upcom;
1634;CTCP Tập đoàn vật liệu chịu lửa Thái Nguyên;4600346712;Chưa niêm yết và chưa Upcom;
1635;CTCP Tư vấn và Xây dựng công trình Miền Trung;2900484195;Chưa niêm yết và chưa Upcom;
1636;CTCP Địa ốc Kinh Đô;0303612890;Chưa niêm yết và chưa Upcom;
1637;CTCP Đầu Tư Thương Mại và Xây dựng Giao Thông 1;0100104732;Chưa niêm yết và chưa Upcom;
1638;CTCP Hàng hải Phú Mỹ;0303921835;Chưa niêm yết và chưa Upcom;
1639;CTCP CAVICO Xây dựng Thủy điện;0100983508-010;Chưa niêm yết và chưa Upcom;
1640;CTCP Cơ khí Ô tô 3-2;0102802161;Chưa niêm yết và chưa Upcom;
1641;CTCP Đầu tư xây dựng bưu chính viễn thông;0302905164;Chưa niêm yết và chưa Upcom;
1642;CTCP Vàng bạc đá quý toàn cầu;2700345155;Chưa niêm yết và chưa Upcom;
1643;CTCP Vận tải Dầu khí Việt Nam (Falcon);0300447310;Chưa niêm yết và chưa Upcom;
1644;CTCP Tơ tằm Á Châu;5800003697;Chưa niêm yết và chưa Upcom;
1645;CTCP Đầu tư xây dựng và du lịch IDICO;4300293072;Chưa niêm yết và chưa Upcom;
1646;CTCP Công nghiệp tàu thủy và Vận tải Cần Thơ;1800277651;Chưa niêm yết và chưa Upcom;
1647;CTCP Gò Đàng;1200575021;Chưa niêm yết và chưa Upcom;
1648;CTCP Tập đoàn HANAKA;2300296337;Chưa niêm yết và chưa Upcom;
1649;CÔNG TY CỔ PHẦN SÔNG ĐÀ NHA TRANG;4200719977;Chưa niêm yết và chưa Upcom;
1650;CTCP Thương mại & Dịch vụ Dầu khí Việt Nam;0102278170;Chưa niêm yết và chưa Upcom;
1651;CTCP Xây dựng 203;0200156815;Chưa niêm yết và chưa Upcom;
1652;CÔNG TY TNHH ĐẦU TƯ PHÁT TRIỂN THẾ GIỚI MỚI;0304971317;Chưa niêm yết và chưa Upcom;
1653;CÔNG TY CỔ PHẦN DƯỢC LIỆU TRUNG ƯƠNG 2;0302597576;Chưa niêm yết và chưa Upcom;
1654;CTCP Sách và thiết bị trường học Thanh Hóa;2800230817;Chưa niêm yết và chưa Upcom;
1655;CTCP Khoáng sản và Luyện kim Việt Nam;0101914063;Chưa niêm yết và chưa Upcom;
1656;CTCP Tân Thành Mỹ;3500757072;Chưa niêm yết và chưa Upcom;
1657;CTCP Xây dựng giao thông và Thương mại 124;0500238314;Chưa niêm yết và chưa Upcom;
1658;CTCP Gốm sứ Thanh Hà;2600322355;Chưa niêm yết và chưa Upcom;
1659;CTCP Tàu Cuốc;0300565610;Chưa niêm yết và chưa Upcom;
1660;Công ty Cổ phần Đầu tư Xây dựng Ricons;0303527596;Chưa niêm yết và chưa Upcom;
1661;CTCP Xây dựng lắp máy điện nước Hà Nội - HAWEICCO;0100105912;Chưa niêm yết và chưa Upcom;
1662;CTCP Lọc hóa dầu Nam Việt (NVO);0305085745;Chưa niêm yết và chưa Upcom;
1663;CTCP Du lịch và Thương mại Quốc tế VINATOUR;0100106828;Chưa niêm yết và chưa Upcom;
1664;CÔNG TY CỔ PHẦN VIỄN ĐÔNG HOLDINGS;0304754785;Chưa niêm yết và chưa Upcom;
1665;CTCP Thương mại và Đại lý dầu tỉnh Bà Rịa - Vũng Tàu;3500102799;Chưa niêm yết và chưa Upcom;
